accelX,accelY,accelZ,gyroX,gyroY,gyroZ,pitch,roll
0.09,0.07,1.0,-0.04,0.01,0.01,5.23,4.21
0.09,0.07,0.99,-0.03,-0.01,-0.0,5.25,3.77
0.09,0.07,1.0,-0.03,-0.01,0.01,5.15,3.91
0.09,0.07,0.99,-0.04,0.01,0.01,5.36,3.81
0.09,0.07,0.99,-0.03,0.01,0.0,5.35,3.78
0.09,0.07,0.99,-0.06,-0.0,0.01,5.26,3.98
0.09,0.07,0.99,0.02,0.12,-0.13,5.32,4.0
0.09,0.07,0.99,-0.02,0.0,0.0,5.21,3.82
0.09,0.07,0.99,-0.03,-0.0,0.0,5.27,4.05
0.09,0.07,1.0,-0.02,-0.01,0.01,5.38,3.77
0.09,0.07,1.0,-0.04,-0.01,-0.0,5.35,3.78
0.09,0.07,1.0,-0.05,0.0,0.0,5.33,3.78
0.09,0.07,0.99,-0.04,0.0,-0.0,5.23,3.79
0.09,0.07,0.99,-0.06,-0.01,0.02,5.38,3.81
0.09,0.06,1.0,-0.07,-0.01,0.01,5.29,3.6
0.09,0.07,0.99,-0.06,0.0,-0.0,5.42,3.87
0.09,0.07,0.99,-0.03,0.01,0.01,5.22,4.18
0.09,0.07,1.0,0.0,0.09,-0.1,5.04,3.93
0.09,0.07,0.99,-0.05,-0.01,0.02,5.45,3.93
0.09,0.07,0.99,-0.05,-0.0,0.01,5.42,3.77
0.09,0.07,1.0,-0.05,0.0,-0.0,5.28,3.95
0.09,0.07,1.0,-0.04,0.01,-0.02,5.23,3.89
0.09,0.07,0.99,-0.07,-0.02,0.01,5.13,3.98
0.09,0.07,1.0,-0.07,-0.01,0.0,5.19,4.01
0.09,0.07,0.99,-0.04,0.01,0.0,5.13,3.9
0.09,0.06,0.99,-0.06,0.01,0.0,5.12,3.73
0.09,0.07,1.0,-0.05,-0.01,0.02,5.35,4.12
0.09,0.07,0.99,-0.03,0.0,0.0,5.24,3.98
0.09,0.07,0.99,-0.04,-0.0,0.01,5.2,3.96
0.09,0.07,0.99,-0.05,0.0,0.0,5.24,3.87
0.09,0.07,1.0,-0.03,-0.01,0.01,5.33,4.11
0.09,0.07,0.99,0.03,0.14,-0.14,5.15,3.94
0.09,0.07,1.0,-0.03,0.0,0.0,5.42,3.94
0.09,0.07,0.99,-0.03,0.01,0.0,5.26,4.02
0.1,0.07,0.99,-0.07,-0.0,0.03,5.48,4.25
0.09,0.07,0.99,0.03,0.13,-0.14,5.36,3.93
0.09,0.07,0.99,-0.05,-0.0,0.01,5.33,4.05
0.09,0.06,0.99,-0.04,0.02,0.0,5.27,3.62
0.09,0.06,1.0,-0.03,-0.01,0.01,5.04,3.61
0.1,0.07,0.99,-0.06,0.01,-0.01,5.81,4.08
0.08,0.07,1.0,-0.06,-0.0,0.01,4.83,4.22
0.1,0.07,0.99,-0.04,-0.0,0.01,5.46,4.18
0.08,0.08,1.0,-0.06,-0.01,0.01,4.84,4.62
0.09,0.07,0.99,-0.05,-0.02,0.01,5.4,4.22
0.09,0.07,0.99,-0.05,-0.0,-0.0,5.44,3.99
0.09,0.07,1.0,-0.03,0.01,0.0,5.39,4.11
0.09,0.07,0.99,-0.08,-0.03,0.02,5.35,4.18
0.09,0.07,0.99,0.03,0.13,-0.13,5.09,4.17
0.09,0.07,0.99,-0.02,0.01,-0.0,5.13,3.84
0.09,0.07,1.0,0.02,0.14,-0.14,5.08,3.93
0.09,0.07,0.99,-0.06,-0.01,0.02,5.3,4.28
0.09,0.07,0.99,-0.05,-0.01,-0.0,5.27,3.96
0.09,0.07,0.99,0.03,0.14,-0.13,5.17,4.06
0.09,0.07,0.99,-0.03,0.01,0.0,5.14,3.83
0.09,0.07,0.99,-0.04,0.01,0.0,5.26,3.91
0.09,0.07,0.99,-0.04,-0.01,0.0,5.46,3.94
0.09,0.07,1.0,-0.05,-0.0,0.0,5.28,3.99
0.09,0.07,0.99,-0.04,-0.0,0.01,5.14,3.79
0.09,0.07,1.0,0.03,0.14,-0.13,5.34,4.07
0.09,0.07,0.99,-0.03,0.01,-0.0,5.18,3.9
0.09,0.07,0.99,0.02,0.13,-0.12,5.36,4.08
0.09,0.07,1.0,-0.04,0.01,-0.01,5.14,4.01
0.09,0.07,0.99,-0.04,0.01,-0.0,4.99,3.88
0.09,0.07,1.0,-0.04,-0.0,0.01,5.13,4.03
0.09,0.07,0.99,-0.04,0.0,-0.01,5.4,3.95
0.09,0.07,0.99,-0.04,-0.0,0.01,5.16,4.0
0.09,0.07,0.99,-0.03,0.01,0.0,5.27,4.19
0.09,0.07,1.0,-0.02,-0.01,0.0,5.13,3.84
0.09,0.07,1.0,-0.04,-0.0,0.0,5.17,4.01
0.09,0.07,0.99,-0.04,-0.0,-0.0,5.14,4.02
0.09,0.07,1.0,-0.03,0.0,0.01,5.25,3.85
0.09,0.07,0.99,-0.03,0.04,-0.02,5.16,4.04
0.09,0.07,0.99,0.03,0.14,-0.15,5.42,3.73
0.09,0.07,0.99,-0.06,0.01,0.0,5.41,3.8
0.09,0.07,0.99,-0.04,0.01,0.01,5.27,3.9
0.09,0.07,0.99,-0.04,-0.0,0.01,5.43,3.85
0.09,0.07,1.0,-0.04,-0.01,0.01,5.3,4.01
0.09,0.07,0.99,-0.03,0.01,0.01,5.33,3.81
0.09,0.07,0.99,0.07,0.19,-0.18,5.09,4.03
0.1,0.07,0.99,-0.05,0.01,-0.01,5.55,3.93
0.09,0.06,0.99,-0.03,-0.0,0.01,5.09,3.71
0.09,0.07,1.0,-0.03,-0.0,0.01,5.14,3.83
0.09,0.07,0.99,-0.04,-0.0,0.0,5.34,4.02
0.09,0.07,0.99,-0.02,-0.0,-0.0,5.34,3.76
0.09,0.07,1.0,-0.03,-0.01,0.01,5.13,3.92
0.09,0.06,1.0,-0.04,0.0,0.01,4.91,3.67
0.09,0.07,1.0,-0.04,-0.0,0.0,5.29,4.13
0.09,0.07,1.01,-0.03,0.06,-0.06,4.9,4.06
0.09,0.07,0.99,-0.05,-0.0,0.01,5.15,4.03
0.09,0.07,0.99,-0.04,-0.0,0.0,5.08,4.05
0.1,0.07,1.0,-0.03,0.0,0.0,5.49,3.97
0.1,0.07,0.99,-0.06,-0.01,0.02,5.51,3.85
0.09,0.07,0.99,-0.07,-0.01,0.02,4.98,4.03
0.09,0.07,1.0,0.02,0.15,-0.15,5.09,3.86
0.09,0.07,0.99,-0.05,0.0,0.0,5.32,3.82
0.09,0.07,1.0,-0.06,0.02,-0.01,5.24,3.9
0.1,0.07,1.0,-0.07,-0.01,0.02,5.55,3.92
0.09,0.06,1.0,0.07,0.21,-0.2,5.16,3.65
0.08,0.06,0.99,-0.05,0.01,0.01,4.87,3.7
0.09,0.07,0.99,-0.05,-0.0,0.01,5.18,3.85
0.1,0.06,0.99,-0.06,-0.03,0.02,5.58,3.62
0.09,0.07,0.99,0.07,0.2,-0.22,5.04,3.96
0.1,0.06,0.99,-0.06,0.0,-0.0,5.51,3.71
0.09,0.07,0.99,-0.04,0.01,0.01,4.98,3.96
0.09,0.07,0.99,-0.03,0.05,-0.06,5.42,3.85
0.1,0.06,1.0,0.04,0.15,-0.16,5.44,3.64
0.1,0.06,0.99,-0.03,0.0,0.0,5.68,3.57
0.09,0.07,1.0,-0.03,0.01,0.01,5.34,3.77
0.1,0.06,1.0,-0.05,-0.0,0.0,5.56,3.55
0.09,0.07,1.0,-0.05,0.0,0.0,5.09,3.78
0.09,0.07,1.0,-0.06,-0.01,0.02,5.18,3.98
0.1,0.07,1.0,-0.06,0.01,0.0,5.52,4.18
0.09,0.07,0.99,-0.09,-0.05,0.05,5.25,3.89
0.09,0.07,0.99,0.02,0.13,-0.13,5.26,4.0
0.09,0.07,0.99,-0.02,-0.0,0.01,5.11,4.03
0.1,0.07,1.0,-0.03,0.0,0.01,5.49,3.8
0.09,0.07,0.99,-0.08,0.0,0.01,5.31,3.94
0.09,0.06,0.99,-0.05,-0.0,0.01,5.18,3.74
0.09,0.07,1.0,-0.05,-0.0,0.01,5.15,3.77
0.1,0.07,1.0,-0.05,0.0,-0.0,5.53,3.74
0.09,0.07,0.99,-0.05,0.01,-0.01,5.45,3.89
0.09,0.07,1.0,-0.04,-0.0,-0.0,5.23,3.92
0.09,0.07,0.99,0.02,0.15,-0.15,5.31,3.93
0.09,0.07,0.99,-0.04,0.01,0.0,5.14,4.06
0.1,0.07,0.99,-0.04,0.01,0.0,5.51,3.9
0.09,0.07,1.0,-0.05,-0.01,-0.0,5.31,3.98
0.09,0.07,1.0,0.02,0.14,-0.13,5.25,4.03
0.09,0.07,0.99,-0.03,0.02,-0.01,5.32,3.88
0.1,0.06,0.99,0.07,0.18,-0.18,5.48,3.6
0.09,0.07,0.99,-0.07,0.02,-0.0,5.43,4.13
0.1,0.07,1.0,0.05,0.15,-0.14,5.62,3.88
0.09,0.06,0.99,-0.03,0.01,0.01,5.4,3.61
0.09,0.07,1.0,-0.03,0.01,-0.0,5.17,3.79
0.09,0.07,0.99,-0.04,-0.01,0.0,5.35,4.08
0.09,0.07,0.99,0.04,0.14,-0.13,5.21,3.9
0.1,0.07,1.0,-0.03,0.01,-0.01,5.45,3.72
0.09,0.06,0.99,-0.04,0.01,0.01,5.32,3.7
0.1,0.06,0.99,-0.04,-0.0,0.01,5.48,3.66
0.1,0.07,0.99,-0.04,0.0,0.0,5.5,4.14
0.09,0.07,0.99,-0.02,-0.0,0.0,5.29,3.85
0.09,0.07,0.99,-0.03,0.0,0.01,5.42,3.92
0.09,0.06,0.99,-0.02,-0.01,-0.0,5.36,3.71
0.09,0.07,0.99,-0.03,-0.01,0.01,5.29,3.88
0.1,0.06,1.0,-0.05,0.0,0.01,5.47,3.5
0.09,0.07,0.99,-0.05,-0.0,0.0,5.44,3.78
0.09,0.07,1.0,-0.03,0.03,-0.01,5.33,3.93
0.1,0.07,1.0,-0.05,-0.01,0.01,5.53,3.72
0.09,0.07,1.0,-0.07,0.01,-0.0,5.35,4.04
0.09,0.07,0.99,0.03,0.15,-0.16,5.47,3.93
0.09,0.06,0.99,-0.03,0.0,0.0,5.11,3.65
0.09,0.07,0.99,-0.05,-0.01,0.0,5.37,3.81
0.09,0.07,1.0,-0.04,0.0,0.01,5.2,3.81
0.1,0.07,0.99,-0.07,0.01,0.0,5.53,3.81
0.1,0.07,1.0,-0.07,0.02,-0.01,5.44,3.88
0.09,0.07,1.0,-0.06,-0.01,0.01,5.35,3.73
0.09,0.07,1.0,-0.05,0.0,-0.0,5.4,4.05
0.1,0.06,1.0,-0.04,0.01,0.0,5.59,3.66
0.1,0.07,0.99,-0.02,0.09,-0.08,5.49,4.12
0.09,0.07,0.99,-0.15,-0.15,0.14,5.38,3.8
0.09,0.07,0.99,-0.05,-0.02,0.02,5.11,3.88
0.1,0.07,0.99,-0.06,0.01,0.0,5.5,4.16
0.1,0.06,1.0,-0.07,0.01,-0.01,5.53,3.65
0.1,0.07,1.0,-0.09,-0.05,0.05,5.49,4.1
0.09,0.07,1.0,-0.07,-0.02,0.02,4.95,3.94
0.1,0.07,0.98,-0.07,0.01,0.0,5.66,4.18
0.09,0.06,1.0,-0.05,0.01,-0.01,5.02,3.45
0.09,0.07,0.99,-0.05,0.03,-0.02,5.31,4.03
0.09,0.07,0.99,-0.05,-0.0,0.0,5.33,4.01
0.09,0.07,0.99,0.04,0.15,-0.15,5.47,4.03
0.09,0.07,1.0,-0.03,-0.0,0.0,5.17,3.78
0.09,0.07,1.0,-0.04,-0.01,0.0,5.21,4.24
0.09,0.07,0.99,0.03,0.14,-0.14,5.24,4.28
0.09,0.07,1.0,-0.02,0.0,0.01,5.26,3.78
0.09,0.07,0.99,-0.03,0.01,-0.0,5.29,4.1
0.09,0.07,0.99,-0.04,0.03,-0.02,5.34,3.93
0.1,0.07,0.99,0.02,0.14,-0.15,5.46,3.93
0.1,0.07,0.99,-0.05,0.0,0.01,5.57,3.79
0.09,0.07,0.99,-0.05,0.01,0.0,5.35,3.98
0.09,0.07,1.0,-0.03,-0.01,0.0,5.1,3.85
0.09,0.07,1.0,-0.07,-0.02,0.02,5.24,3.91
0.09,0.07,0.99,0.07,0.22,-0.21,5.41,4.14
0.09,0.07,0.99,-0.03,0.01,0.01,5.27,3.81
0.09,0.07,0.99,-0.07,0.01,-0.01,5.3,4.09
0.1,0.07,0.99,0.02,0.14,-0.13,5.48,4.08
0.09,0.06,0.99,-0.04,-0.0,0.01,5.17,3.71
0.09,0.07,0.99,-0.03,0.0,0.01,5.33,3.86
0.09,0.07,0.99,-0.04,0.01,0.0,5.41,3.94
0.1,0.07,0.99,-0.04,-0.01,0.01,5.47,4.07
0.09,0.07,1.0,-0.03,0.01,0.01,5.13,4.06
0.09,0.07,0.99,0.02,0.13,-0.13,5.24,4.02
0.09,0.07,1.0,-0.03,0.01,-0.01,5.19,3.83
0.09,0.07,1.0,-0.04,-0.01,0.01,5.42,3.95
0.09,0.07,1.0,0.03,0.14,-0.14,5.36,3.94
0.1,0.07,0.99,-0.05,0.01,-0.0,5.65,4.05
0.09,0.07,1.0,-0.05,0.01,-0.01,5.32,3.79
0.09,0.07,0.99,-0.05,-0.01,0.02,5.34,3.77
0.1,0.07,0.99,0.08,0.24,-0.25,5.75,4.01
0.09,0.07,0.99,-0.04,0.01,-0.0,5.24,3.99
0.09,0.07,0.99,-0.11,-0.11,0.09,5.38,3.98
0.09,0.07,0.99,-0.05,-0.01,0.01,5.3,3.78
0.1,0.07,0.99,0.05,0.19,-0.19,5.52,3.91
0.09,0.07,0.99,-0.02,0.0,0.0,5.31,3.86
0.1,0.07,0.99,-0.03,-0.0,-0.0,5.68,3.98
0.09,0.07,0.99,-0.03,-0.0,0.01,5.42,4.14
0.1,0.07,0.99,-0.02,0.01,-0.01,5.51,3.95
0.09,0.07,0.99,-0.02,-0.01,0.01,5.38,3.79
0.09,0.07,0.99,-0.03,0.01,0.0,5.39,3.85
0.1,0.07,0.99,-0.03,-0.01,0.0,5.86,4.04
0.1,0.07,0.99,-0.03,-0.0,0.0,5.47,4.0
0.09,0.07,0.99,-0.02,0.0,-0.0,5.27,4.03
0.09,0.07,0.99,-0.02,0.0,0.0,5.33,3.79
0.09,0.06,1.0,-0.04,-0.01,0.01,5.11,3.66
0.09,0.07,0.99,-0.06,-0.02,0.01,5.18,3.92
0.09,0.07,0.99,-0.03,-0.0,0.0,5.13,3.74
0.09,0.06,0.99,-0.03,0.01,0.01,5.16,3.74
0.1,0.07,0.99,-0.03,-0.01,0.0,5.48,4.12
0.1,0.07,0.99,-0.03,-0.01,0.01,5.53,4.06
0.1,0.07,1.0,-0.03,-0.0,-0.0,5.47,3.74
0.09,0.06,0.99,-0.04,-0.0,-0.0,5.0,3.5
0.1,0.06,0.99,-0.02,0.0,0.01,5.63,3.75
0.09,0.08,0.99,-0.04,-0.02,0.01,5.19,4.32
0.09,0.07,1.0,-0.05,-0.01,0.01,5.05,3.96
0.1,0.07,0.99,-0.06,0.01,0.0,5.51,3.94
0.1,0.07,0.99,-0.07,-0.03,0.03,5.47,3.95
0.09,0.07,0.99,-0.04,-0.02,0.02,5.11,4.13
0.09,0.07,1.0,0.09,0.22,-0.21,5.03,3.99
0.09,0.07,0.99,-0.06,0.02,-0.01,5.39,4.31
0.1,0.07,0.99,-0.04,0.08,-0.07,5.48,3.74
0.09,0.06,0.99,-0.06,0.01,0.0,5.41,3.72
0.09,0.07,0.99,-0.03,-0.01,0.0,5.35,3.84
0.09,0.07,1.0,-0.04,0.01,0.0,5.34,3.96
0.1,0.07,0.99,-0.03,0.01,-0.0,5.61,3.85
0.1,0.07,1.0,-0.04,-0.0,0.01,5.6,3.81
0.09,0.07,1.0,-0.07,0.01,0.0,5.11,3.82
0.09,0.07,1.0,-0.04,-0.0,-0.01,5.26,4.02
0.1,0.07,1.0,-0.04,0.02,-0.02,5.43,3.95
0.09,0.07,1.0,-0.04,-0.01,0.02,5.06,3.79
0.09,0.07,0.99,0.05,0.21,-0.19,5.31,3.83
0.09,0.07,1.0,-0.05,0.01,0.01,5.13,3.9
0.09,0.07,1.0,-0.05,-0.0,-0.0,5.39,3.83
0.09,0.07,0.99,-0.05,-0.02,0.02,5.36,4.05
0.09,0.07,0.99,0.09,0.19,-0.21,5.4,3.79
0.09,0.07,0.99,-0.05,0.0,0.0,5.4,3.75
0.09,0.07,1.0,-0.03,0.01,0.0,5.29,3.77
0.09,0.07,0.99,-0.08,-0.04,0.03,5.17,3.8
0.09,0.07,0.99,0.02,0.13,-0.12,5.33,3.97
0.09,0.07,0.99,-0.02,-0.0,-0.0,5.46,3.83
0.09,0.07,0.99,-0.03,0.0,0.01,5.36,3.97
0.09,0.07,0.99,-0.13,-0.14,0.12,5.38,4.0
0.09,0.07,1.0,-0.05,-0.01,0.02,5.41,3.72
0.09,0.07,1.0,-0.05,-0.0,0.0,5.13,3.95
0.09,0.07,0.99,-0.04,0.0,0.0,5.4,3.99
0.1,0.07,0.99,-0.04,0.0,0.01,5.46,3.84
0.09,0.07,0.99,-0.04,-0.01,0.0,5.29,4.01
0.09,0.07,0.99,0.02,0.15,-0.14,5.08,3.96
0.09,0.07,1.0,-0.03,0.0,-0.0,5.36,3.8
0.09,0.07,0.98,-0.06,0.03,-0.02,5.31,4.21
0.09,0.07,0.99,-0.04,-0.01,0.01,5.15,3.94
0.09,0.07,0.98,-0.05,0.0,0.0,4.98,4.02
0.09,0.07,0.99,-0.06,0.0,0.0,5.4,3.87
0.09,0.07,0.99,-0.08,-0.0,0.01,5.17,3.85
0.09,0.07,0.99,0.03,0.13,-0.13,5.3,3.91
0.09,0.07,1.0,-0.04,-0.0,-0.0,5.42,3.87
0.09,0.07,1.0,-0.04,-0.0,0.01,5.35,3.9
0.09,0.07,1.0,-0.04,0.01,0.01,5.27,4.02
0.09,0.07,1.0,-0.04,-0.01,-0.0,5.27,3.87
0.1,0.07,1.0,0.03,0.15,-0.14,5.66,4.21
0.1,0.06,0.99,-0.03,0.01,-0.01,5.58,3.66
0.09,0.07,0.99,-0.01,0.08,-0.07,5.32,4.29
0.09,0.07,1.0,-0.05,-0.0,0.01,5.13,4.04
0.1,0.06,1.0,0.03,0.15,-0.16,5.52,3.69
0.09,0.07,0.98,-0.04,0.0,0.01,5.53,4.02
0.09,0.07,0.99,-0.03,0.01,-0.0,5.33,3.96
0.09,0.07,0.99,-0.03,-0.01,0.0,5.07,4.12
0.09,0.07,1.0,-0.02,-0.0,-0.01,5.42,4.05
0.1,0.07,0.99,-0.03,0.0,-0.0,5.73,3.84
0.09,0.06,0.99,-0.04,0.0,-0.0,5.36,3.58
0.1,0.07,0.99,-0.0,0.08,-0.06,5.48,3.81
0.1,0.06,1.0,-0.06,-0.01,0.01,5.56,3.59
0.09,0.07,0.99,-0.06,-0.0,-0.0,5.27,4.08
0.1,0.06,0.99,-0.03,0.01,-0.0,5.49,3.52
0.09,0.07,1.0,-0.08,-0.04,0.02,5.38,4.16
0.09,0.07,0.99,0.01,0.13,-0.12,5.33,4.12
0.09,0.07,0.99,-0.02,0.0,-0.0,5.41,4.03
0.09,0.07,0.99,-0.03,0.0,0.0,5.29,4.09
0.1,0.07,1.0,-0.05,0.01,-0.0,5.64,3.97
0.09,0.07,0.99,-0.05,-0.02,0.01,5.22,3.99
0.09,0.07,1.0,-0.05,-0.0,-0.0,5.33,4.13
0.09,0.07,1.0,-0.1,-0.11,0.11,5.26,3.92
0.09,0.07,0.99,-0.06,-0.02,0.02,5.14,3.86
0.09,0.07,0.99,-0.05,0.0,0.0,5.41,3.96
0.09,0.07,1.0,-0.04,0.01,0.0,5.32,3.8
0.09,0.07,0.99,-0.04,-0.0,0.01,5.21,3.85
0.09,0.07,1.0,-0.04,0.02,-0.03,5.32,3.89
0.09,0.07,0.99,-0.05,-0.02,0.01,5.2,4.01
0.09,0.07,0.99,-0.05,-0.0,0.0,5.3,3.98
0.1,0.07,1.0,-0.05,0.01,0.01,5.5,3.74
0.09,0.07,0.99,-0.05,0.03,-0.03,5.34,3.98
0.09,0.07,0.99,-0.1,-0.11,0.1,5.19,3.99
0.09,0.07,0.99,-0.05,-0.02,0.02,5.39,4.09
0.09,0.07,0.99,-0.04,0.0,0.01,5.07,4.03
0.09,0.07,0.99,-0.07,-0.0,0.01,5.22,3.78
0.09,0.07,1.0,-0.06,-0.01,0.02,5.11,4.11
0.09,0.07,0.99,0.02,0.14,-0.13,5.35,3.98
0.09,0.07,1.0,-0.03,0.01,0.0,5.35,3.92
0.09,0.07,0.99,-0.04,0.02,-0.01,5.23,4.04
0.09,0.07,1.0,-0.05,0.0,0.01,5.2,4.04
0.09,0.07,0.99,-0.07,-0.0,0.01,5.2,4.19
0.09,0.07,1.0,-0.04,-0.0,-0.0,5.25,3.79
0.09,0.07,0.99,-0.04,0.0,0.0,5.29,3.97
0.09,0.07,1.0,-0.04,-0.02,0.01,5.19,4.06
0.09,0.07,0.99,0.01,0.15,-0.14,5.34,4.05
0.09,0.07,1.0,-0.04,0.01,0.0,5.32,4.04
0.09,0.07,0.99,-0.04,0.01,0.0,5.06,4.14
0.09,0.07,1.0,-0.06,-0.0,0.01,5.27,3.88
0.09,0.07,0.99,0.01,0.14,-0.15,5.38,4.02
0.09,0.07,1.0,-0.03,-0.0,0.01,5.19,4.08
0.08,0.07,0.99,-0.03,0.01,0.0,4.84,3.83
0.1,0.07,0.99,-0.12,-0.13,0.12,5.49,3.91
0.09,0.07,1.0,-0.08,0.02,-0.02,5.01,4.23
0.11,0.07,1.0,-0.07,-0.0,0.0,5.98,3.82
0.09,0.08,1.01,-0.03,0.01,0.0,5.32,4.44
0.09,0.08,0.98,-0.03,0.01,0.01,5.35,4.65
0.09,0.07,1.0,-0.03,-0.0,-0.0,5.42,4.27
0.1,0.07,0.99,-0.03,-0.0,0.0,5.63,4.16
0.1,0.07,0.99,-0.04,0.01,-0.01,5.55,3.98
0.09,0.08,0.99,-0.05,0.04,-0.03,5.2,4.65
0.09,0.07,0.99,-0.04,-0.01,0.01,5.04,4.24
0.09,0.08,0.99,-0.02,0.0,0.0,4.99,4.49
0.09,0.07,0.99,0.03,0.14,-0.14,5.45,4.02
0.09,0.07,1.0,-0.04,0.02,0.0,5.03,4.11
0.09,0.07,1.0,-0.03,0.0,0.0,4.87,4.05
0.09,0.07,1.0,-0.0,0.14,-0.12,5.12,4.18
0.09,0.08,0.99,-0.04,0.01,-0.0,5.03,4.46
0.1,0.07,0.99,-0.07,0.01,0.01,5.51,3.87
0.1,0.07,0.99,-0.06,-0.02,0.02,5.58,4.07
0.1,0.06,1.0,0.08,0.22,-0.22,5.51,3.62
0.09,0.07,1.0,-0.07,0.02,-0.0,5.25,4.02
0.09,0.07,1.0,-0.05,0.01,0.0,5.1,3.99
0.09,0.07,0.99,-0.04,0.0,0.0,5.34,3.98
0.09,0.07,0.99,0.02,0.13,-0.13,5.27,3.92
0.09,0.07,0.99,-0.03,0.01,-0.01,5.38,4.01
0.09,0.07,1.0,-0.04,0.01,0.0,5.21,3.86
0.09,0.07,1.0,-0.07,-0.01,0.02,5.3,4.12
0.09,0.07,0.99,0.02,0.13,-0.14,5.23,3.95
0.09,0.07,0.99,-0.04,-0.01,0.0,5.28,3.92
0.09,0.07,0.98,-0.03,0.0,0.01,5.3,4.18
0.09,0.07,0.99,-0.0,0.08,-0.09,5.36,4.04
0.09,0.07,0.99,-0.09,-0.0,0.01,5.25,3.94
0.09,0.07,0.99,-0.04,-0.01,0.0,5.15,4.11
0.09,0.07,1.0,-0.03,-0.01,0.01,5.35,3.83
0.09,0.07,0.99,-0.04,0.02,-0.02,5.2,3.93
0.09,0.07,0.99,0.02,0.14,-0.15,5.39,4.12
0.09,0.07,1.0,0.09,0.21,-0.21,5.26,4.06
0.09,0.07,1.0,-0.03,0.01,0.0,5.35,4.04
0.09,0.07,0.99,-0.08,-0.03,0.03,5.36,4.15
0.09,0.07,1.0,-0.04,-0.01,0.02,5.24,3.99
0.1,0.07,1.0,0.07,0.23,-0.21,5.63,3.95
0.1,0.07,0.99,-0.05,0.01,0.01,5.54,3.95
0.09,0.07,0.99,-0.02,0.0,0.0,5.39,3.91
0.1,0.07,1.0,-0.03,-0.02,0.01,5.49,3.84
0.09,0.07,0.99,0.02,0.15,-0.14,5.27,3.87
0.1,0.07,0.99,-0.03,0.02,-0.01,5.55,3.82
0.1,0.07,0.99,-0.04,0.01,-0.01,5.46,3.97
0.09,0.07,0.99,-0.03,-0.0,0.01,5.43,3.98
0.09,0.07,1.0,0.03,0.15,-0.15,5.29,3.74
0.1,0.07,0.99,-0.05,0.01,-0.0,5.61,3.88
0.11,0.07,1.0,-0.03,0.01,0.0,6.0,4.15
0.09,0.07,0.99,-0.09,-0.08,0.08,5.27,3.77
0.09,0.07,0.99,-0.06,-0.02,0.03,5.09,3.82
0.09,0.07,0.99,-0.05,0.01,0.01,5.25,4.11
0.09,0.07,0.99,-0.05,0.02,-0.0,5.38,3.89
0.09,0.07,0.99,-0.03,-0.01,0.01,5.13,3.94
0.09,0.06,1.0,0.03,0.15,-0.14,5.43,3.65
0.09,0.07,0.99,-0.05,0.01,-0.01,5.3,3.92
0.09,0.07,0.99,-0.03,0.01,-0.0,5.3,4.1
0.09,0.06,0.99,-0.03,-0.01,0.0,5.21,3.72
0.1,0.07,0.99,0.03,0.14,-0.14,5.5,4.18
0.09,0.07,0.98,-0.02,0.0,0.0,5.12,3.94
0.09,0.07,1.0,-0.06,0.01,0.0,5.36,3.9
0.1,0.07,1.0,-0.07,-0.02,0.03,5.43,3.89
0.1,0.07,1.0,0.01,0.14,-0.12,5.66,4.06
0.1,0.07,1.01,-0.03,-0.0,0.0,5.45,3.93
0.1,0.07,1.0,-0.02,0.0,0.0,5.83,3.98
0.09,0.06,1.0,-0.03,-0.0,-0.01,5.31,3.54
0.1,0.06,1.0,-0.06,-0.01,0.01,5.49,3.39
0.09,0.07,1.0,-0.06,0.01,0.0,5.41,4.12
0.1,0.07,0.98,-0.03,0.01,0.01,5.63,4.05
0.1,0.06,0.99,-0.09,-0.08,0.07,5.74,3.69
0.09,0.07,0.99,-0.07,0.01,0.01,5.4,4.07
0.09,0.07,1.0,-0.04,-0.01,0.02,5.23,4.11
0.09,0.07,0.99,-0.05,0.01,-0.0,5.46,4.01
0.09,0.07,0.98,-0.03,0.0,0.0,5.28,4.0
0.09,0.07,0.99,-0.04,-0.01,0.0,5.46,4.07
0.09,0.07,0.99,-0.03,-0.0,-0.0,5.16,4.0
0.09,0.07,0.99,-0.03,0.0,0.01,5.17,3.92
0.09,0.07,0.99,-0.04,0.03,-0.02,5.18,3.86
0.09,0.07,0.99,-0.04,-0.01,0.0,5.39,3.86
0.09,0.07,0.99,-0.04,-0.01,0.0,5.39,4.03
0.09,0.07,1.0,-0.02,-0.0,-0.0,5.15,4.1
0.1,0.07,1.0,-0.08,-0.05,0.05,5.44,4.27
0.09,0.07,0.99,-0.05,-0.01,0.01,5.14,4.21
0.09,0.07,1.0,-0.03,-0.0,0.0,5.23,4.06
0.09,0.07,0.99,-0.04,0.0,0.01,5.34,4.1
0.09,0.07,0.99,-0.03,0.01,0.0,5.32,4.17
0.09,0.07,1.0,-0.03,0.0,0.0,5.39,3.79
0.09,0.07,0.99,0.03,0.14,-0.14,5.32,4.23
0.09,0.07,1.0,-0.03,0.01,-0.0,5.19,4.08
0.1,0.07,1.0,-0.03,-0.01,0.01,5.47,3.83
0.09,0.07,1.0,-0.05,0.02,0.0,5.3,4.05
0.09,0.07,0.99,0.03,0.13,-0.13,5.21,3.82
0.09,0.07,1.0,-0.03,0.0,0.0,5.21,3.86
0.09,0.07,1.0,-0.04,0.01,0.01,5.29,3.88
0.09,0.07,1.0,-0.05,-0.0,0.0,5.4,3.98
0.09,0.06,0.99,-0.03,-0.01,0.01,5.35,3.71
0.09,0.07,1.0,-0.05,0.01,-0.0,5.21,3.99
0.09,0.07,1.0,-0.04,0.0,0.01,5.17,4.06
0.09,0.07,0.99,-0.0,0.07,-0.06,5.21,3.89
0.09,0.07,0.99,-0.05,-0.01,0.01,5.06,3.79
0.09,0.07,0.99,-0.03,-0.01,0.0,5.01,4.1
0.09,0.07,0.99,-0.04,0.0,0.0,5.32,3.95
0.09,0.07,0.99,-0.03,-0.01,0.01,5.06,3.91
0.09,0.07,0.99,-0.03,-0.01,0.01,5.28,3.75
0.09,0.06,1.0,-0.04,0.01,0.01,5.29,3.58
0.09,0.07,1.0,-0.04,-0.0,0.01,5.05,3.94
0.09,0.07,0.99,-0.05,0.02,-0.01,5.22,3.76
0.09,0.07,0.99,-0.05,-0.01,0.01,5.1,3.99
0.09,0.07,0.98,-0.04,-0.0,-0.0,5.19,4.01
0.09,0.07,0.99,-0.04,0.0,-0.0,5.26,3.92
0.09,0.07,0.99,-0.04,-0.01,0.0,4.98,4.05
0.09,0.07,0.99,-0.04,-0.02,0.02,5.27,4.0
0.09,0.07,0.99,-0.06,-0.0,-0.0,5.18,4.0
0.09,0.07,0.99,-0.04,-0.0,0.01,5.35,4.13
0.09,0.07,0.99,-0.05,0.0,0.0,5.34,3.8
0.09,0.06,1.0,-0.05,-0.02,0.02,5.06,3.55
0.08,0.07,1.0,-0.06,-0.01,0.01,4.59,4.13
0.08,0.07,1.0,-0.05,0.0,0.0,4.75,3.95
0.09,0.07,1.0,-0.01,0.08,-0.07,5.28,3.96
0.09,0.08,0.98,-0.06,-0.01,0.01,4.97,4.65
0.1,0.07,1.0,-0.03,0.04,-0.03,5.96,3.99
0.09,0.07,0.99,-0.04,-0.02,0.03,5.23,4.09
0.09,0.07,1.0,-0.07,0.0,-0.0,5.34,4.12
0.09,0.07,1.0,-0.04,-0.02,0.01,5.01,4.02
0.1,0.07,0.99,0.05,0.21,-0.18,5.54,4.04
0.09,0.08,1.0,-0.05,0.01,-0.0,5.23,4.41
0.09,0.07,1.0,-0.06,0.01,-0.0,5.18,3.91
0.09,0.07,1.0,-0.06,0.01,0.01,5.23,4.1
0.09,0.07,0.99,0.08,0.23,-0.24,5.27,4.03
0.09,0.07,0.99,-0.04,0.0,0.0,5.14,4.04
0.09,0.07,1.0,-0.04,0.0,0.01,4.94,3.75
0.09,0.07,1.0,-0.03,0.02,-0.04,5.25,4.07
0.1,0.06,1.0,0.02,0.13,-0.13,5.51,3.7
0.1,0.07,0.99,-0.06,0.01,-0.01,5.51,4.2
0.08,0.07,0.99,-0.03,0.0,-0.0,4.79,4.2
0.09,0.07,1.0,-0.05,0.01,0.0,5.29,4.03
0.09,0.07,1.0,0.02,0.14,-0.13,5.21,3.98
0.1,0.07,0.99,-0.05,0.0,0.01,5.54,4.26
0.09,0.07,0.99,-0.04,0.02,0.0,5.29,4.05
0.09,0.07,0.99,0.04,0.16,-0.16,5.33,4.22
0.1,0.07,0.99,-0.05,0.02,-0.01,5.53,3.81
0.09,0.07,1.0,-0.07,-0.0,0.01,5.11,3.91
0.09,0.07,0.99,-0.04,-0.0,0.0,5.28,4.12
0.09,0.07,0.99,-0.07,-0.04,0.04,5.29,3.77
0.09,0.07,0.99,-0.05,-0.02,0.01,5.23,3.98
0.09,0.07,0.99,-0.05,-0.01,0.01,5.4,4.01
0.09,0.07,1.0,-0.03,0.01,0.01,5.33,4.04
0.09,0.07,0.99,-0.06,0.01,-0.0,5.27,4.1
0.09,0.07,1.0,-0.05,-0.01,0.01,5.27,4.03
0.09,0.07,0.99,-0.05,0.0,0.01,5.39,4.02
0.09,0.07,1.0,0.07,0.2,-0.19,5.29,3.99
0.09,0.07,1.0,-0.04,0.02,-0.0,5.12,4.01
0.09,0.07,0.99,-0.04,-0.01,-0.0,5.35,4.09
0.09,0.07,1.0,0.04,0.14,-0.14,5.42,4.01
0.09,0.07,0.99,-0.03,0.01,-0.01,5.36,4.01
0.09,0.07,0.99,-0.03,0.01,-0.01,5.25,4.03
0.09,0.06,0.99,-0.03,-0.01,0.01,5.23,3.7
0.09,0.07,0.99,-0.04,0.0,-0.01,5.13,3.92
0.09,0.07,1.0,-0.04,0.01,0.01,5.16,3.9
0.1,0.07,1.0,0.03,0.15,-0.15,5.49,3.77
0.09,0.07,0.99,-0.06,0.01,0.0,5.3,3.94
0.09,0.07,0.99,0.02,0.16,-0.16,5.36,3.75
0.09,0.07,1.0,-0.05,0.02,0.0,5.28,4.01
0.1,0.06,1.0,-0.04,0.01,-0.0,5.45,3.68
0.09,0.07,0.99,-0.05,0.0,0.01,5.19,3.85
0.09,0.07,0.99,-0.04,-0.0,-0.01,5.36,4.03
0.09,0.07,1.0,-0.02,-0.01,0.0,5.27,3.88
0.1,0.07,0.99,-0.03,0.01,0.01,5.67,3.99
0.09,0.06,1.0,-0.0,0.12,-0.11,5.05,3.25
0.09,0.07,0.99,-0.06,0.01,-0.0,5.37,3.95
0.1,0.07,0.99,-0.03,-0.0,-0.0,5.76,4.13
0.09,0.07,0.99,-0.03,0.0,0.0,5.36,4.27
0.09,0.05,1.0,-0.05,-0.0,0.01,4.88,2.96
0.09,0.06,0.99,-0.05,-0.02,0.01,5.46,3.71
0.09,0.06,0.99,-0.03,0.0,0.01,4.99,3.73
0.09,0.07,0.99,-0.04,0.0,0.01,5.38,4.02
0.09,0.06,0.99,-0.04,0.03,-0.05,5.43,3.48
0.09,0.07,0.99,-0.05,-0.02,0.02,5.34,4.08
0.09,0.07,1.0,-0.03,-0.0,-0.0,5.34,4.19
0.1,0.07,0.99,0.05,0.15,-0.16,5.69,3.76
0.09,0.07,1.0,-0.06,0.02,0.0,5.15,3.95
0.09,0.06,1.0,-0.04,-0.01,0.0,5.21,3.49
0.09,0.07,0.99,-0.03,-0.01,0.01,5.23,4.1
0.09,0.07,0.99,-0.04,0.01,-0.01,5.1,3.91
0.09,0.07,1.0,-0.03,0.03,-0.04,5.26,3.87
0.09,0.07,0.99,-0.05,-0.01,0.03,5.43,4.23
0.09,0.07,0.99,-0.03,-0.0,0.01,5.38,3.87
0.09,0.07,0.99,-0.02,-0.0,-0.0,5.21,4.02
0.09,0.07,0.99,-0.02,0.08,-0.08,5.2,4.08
0.1,0.07,0.99,-0.03,-0.01,0.01,5.55,3.94
0.09,0.07,0.99,-0.05,-0.0,0.01,5.36,3.9
0.1,0.07,0.99,-0.05,0.01,0.0,5.49,3.9
0.09,0.07,0.99,-0.03,0.01,-0.01,5.37,3.85
0.09,0.07,0.99,-0.05,-0.0,0.01,5.35,3.75
0.1,0.07,1.0,0.02,0.16,-0.15,5.44,3.8
0.09,0.06,0.99,-0.05,0.01,0.0,5.36,3.68
0.09,0.07,0.99,-0.03,0.01,0.01,5.43,3.91
0.09,0.07,0.99,-0.04,0.0,0.0,5.34,3.92
0.09,0.07,0.99,0.03,0.13,-0.13,5.35,3.85
0.09,0.07,1.0,-0.04,0.02,0.0,5.29,4.04
0.09,0.07,0.99,-0.03,-0.01,0.0,5.33,4.04
0.09,0.07,0.99,-0.06,-0.01,0.02,5.33,3.97
0.1,0.07,1.0,-0.06,-0.01,0.01,5.55,3.78
0.1,0.07,1.0,-0.06,0.0,0.01,5.45,3.92
0.1,0.07,1.0,-0.04,0.01,0.01,5.47,3.9
0.09,0.07,0.99,-0.03,0.05,-0.07,5.27,3.98
0.09,0.07,0.99,0.02,0.13,-0.13,5.32,4.06
0.09,0.07,0.99,-0.04,0.0,0.0,5.34,3.88
0.09,0.07,1.0,-0.02,0.01,0.01,5.31,3.93
0.09,0.07,1.0,-0.05,-0.01,0.0,5.09,3.85
0.09,0.07,0.99,-0.06,-0.03,0.03,5.33,3.92
0.09,0.07,0.99,-0.07,-0.02,0.01,5.43,4.01
0.09,0.07,0.99,-0.06,0.02,-0.0,5.33,3.94
0.09,0.07,0.99,-0.05,0.01,-0.0,5.34,3.97
0.09,0.07,0.99,-0.05,-0.02,0.01,5.31,3.92
0.09,0.07,0.99,-0.05,-0.0,0.0,5.21,3.88
0.09,0.07,0.99,-0.03,-0.0,-0.0,5.31,4.16
0.09,0.07,0.99,-0.07,-0.02,0.01,5.25,3.92
0.09,0.08,1.0,-0.03,-0.01,0.0,4.88,4.43
0.09,0.07,0.99,-0.05,-0.0,0.01,5.25,4.02
0.09,0.07,0.99,0.03,0.15,-0.15,5.19,4.11
0.09,0.07,0.99,-0.07,0.01,0.0,5.29,3.95
0.09,0.07,0.99,-0.06,-0.01,0.02,5.32,4.11
0.1,0.07,0.99,0.1,0.23,-0.25,5.48,4.27
0.09,0.07,0.99,-0.02,0.0,0.0,5.07,4.18
0.1,0.07,0.99,-0.03,0.01,0.01,5.47,3.95
0.09,0.07,0.99,-0.04,0.0,-0.01,5.36,4.16
0.09,0.07,0.99,0.04,0.14,-0.14,5.42,3.98
0.1,0.06,0.99,-0.02,0.01,0.0,5.69,3.48
0.09,0.08,0.99,-0.04,-0.01,0.0,5.26,4.46
0.1,0.07,0.99,-0.03,0.01,0.0,5.67,3.84
0.1,0.07,0.99,0.03,0.15,-0.15,5.49,4.12
0.09,0.06,0.99,-0.04,0.01,0.01,5.02,3.38
0.09,0.07,0.99,-0.04,0.01,0.0,5.18,3.73
0.1,0.06,0.99,-0.04,-0.01,0.0,5.89,3.64
0.1,0.07,1.02,-0.05,0.01,0.01,5.56,4.03
0.1,0.07,0.99,-0.03,0.0,0.0,5.82,4.27
0.1,0.07,1.0,-0.05,0.01,0.01,5.62,4.0
0.09,0.06,1.0,-0.04,0.0,0.01,5.37,3.61
0.1,0.06,0.99,-0.05,0.02,-0.0,5.94,3.47
0.09,0.07,0.99,-0.04,0.0,0.01,5.04,3.79
0.1,0.06,1.0,-0.03,0.01,0.0,5.57,3.45
0.09,0.07,0.99,-0.04,0.04,-0.06,5.44,3.76
0.08,0.07,0.99,-0.05,-0.01,0.01,4.65,3.79
0.1,0.07,1.0,-0.05,0.01,0.0,5.54,3.92
0.09,0.07,0.98,-0.03,-0.0,0.01,5.3,4.22
0.09,0.07,1.0,-0.07,0.03,-0.01,5.12,4.05
0.09,0.07,0.98,-0.06,-0.02,0.02,5.35,4.11
0.09,0.07,1.0,-0.06,-0.01,0.0,5.09,3.75
0.09,0.07,0.99,-0.05,0.01,0.0,5.44,4.24
0.09,0.07,1.0,-0.02,-0.01,0.01,5.18,3.74
0.09,0.07,0.99,-0.04,-0.01,0.01,5.32,3.95
0.09,0.07,0.99,0.01,0.14,-0.14,5.36,4.08
0.1,0.07,0.99,-0.02,0.0,0.01,5.6,4.01
0.09,0.06,1.0,-0.03,0.01,0.01,5.1,3.59
0.09,0.06,1.0,-0.03,0.0,-0.0,5.39,3.59
0.09,0.07,0.99,0.02,0.14,-0.12,5.47,4.07
0.09,0.06,1.0,-0.03,0.01,-0.0,5.31,3.69
0.1,0.07,1.0,-0.04,0.01,-0.0,5.7,3.8
0.09,0.07,0.99,-0.09,-0.06,0.05,5.16,3.96
0.09,0.07,1.0,-0.07,-0.01,0.03,5.18,3.92
0.09,0.07,0.99,-0.07,0.0,0.01,5.21,3.82
0.09,0.07,0.99,-0.07,0.01,-0.0,5.24,4.0
0.09,0.07,0.99,-0.05,-0.01,0.01,5.04,4.02
0.09,0.07,1.0,0.05,0.21,-0.19,5.31,3.81
0.09,0.07,0.99,-0.06,0.01,0.01,5.28,4.16
0.09,0.07,0.99,-0.02,0.01,-0.0,5.3,4.17
0.09,0.07,0.99,-0.05,0.02,-0.01,5.24,3.98
0.09,0.07,1.0,0.08,0.23,-0.24,5.41,4.06
0.1,0.07,1.0,0.04,0.14,-0.15,5.8,3.85
0.1,0.07,0.99,-0.05,0.0,0.0,5.7,3.93
0.1,0.07,1.0,-0.02,0.03,-0.05,5.49,3.74
0.1,0.07,0.99,0.01,0.13,-0.13,5.68,3.8
0.09,0.07,1.0,-0.06,0.01,0.0,5.24,3.85
0.1,0.06,1.0,-0.03,0.01,0.0,5.45,3.63
0.1,0.07,1.0,-0.05,0.04,-0.03,5.44,3.92
0.1,0.07,0.99,0.01,0.14,-0.14,5.55,4.04
0.1,0.07,1.0,-0.04,-0.0,0.01,5.58,3.97
0.1,0.07,0.99,-0.03,0.01,0.0,5.6,3.95
0.09,0.07,0.99,-0.02,-0.01,0.01,5.39,3.85
0.1,0.07,0.99,-0.04,0.02,-0.02,5.56,3.82
0.1,0.07,0.99,-0.05,-0.01,0.01,5.85,4.12
0.1,0.07,0.99,-0.03,-0.0,0.01,5.69,4.25
0.1,0.07,0.99,-0.02,0.01,0.0,5.8,3.77
0.09,0.07,1.0,-0.04,-0.0,-0.01,5.22,4.14
0.09,0.07,0.99,-0.05,-0.0,-0.0,5.39,4.07
0.1,0.07,0.99,-0.02,0.0,0.01,5.96,4.06
0.08,0.07,1.0,-0.03,0.0,-0.0,4.77,3.97
0.09,0.06,0.99,-0.05,-0.02,0.01,5.43,3.58
0.1,0.07,1.0,-0.07,0.02,0.01,5.73,3.83
0.09,0.07,0.99,0.02,0.14,-0.14,5.47,3.88
0.09,0.07,1.0,-0.1,-0.04,0.05,5.33,3.76
0.09,0.06,0.99,-0.06,-0.02,0.02,5.35,3.64
0.09,0.06,1.0,0.06,0.21,-0.19,5.42,3.57
0.1,0.07,0.99,-0.04,0.01,0.0,5.85,4.05
0.1,0.07,1.0,-0.04,0.01,0.01,5.59,3.9
0.1,0.06,1.0,-0.04,-0.01,0.01,5.52,3.54
0.09,0.07,0.99,0.03,0.15,-0.15,5.16,4.02
0.1,0.07,0.99,-0.05,0.01,-0.0,5.65,3.83
0.1,0.07,1.0,-0.03,-0.01,0.0,5.48,3.82
0.09,0.07,0.99,-0.03,0.0,0.01,5.19,3.96
0.1,0.06,0.99,-0.04,0.0,-0.0,5.54,3.69
0.09,0.07,0.99,-0.03,0.01,0.0,5.34,3.88
0.1,0.07,0.99,-0.04,0.0,0.0,5.53,3.95
0.1,0.07,1.0,-0.02,-0.0,0.01,5.57,3.79
0.1,0.07,1.0,0.03,0.14,-0.15,5.43,3.89
0.1,0.07,0.99,-0.04,-0.0,0.01,5.64,3.99
0.1,0.06,1.0,-0.03,0.01,0.0,5.43,3.66
0.09,0.07,1.0,-0.03,-0.01,0.0,5.41,3.8
0.09,0.06,0.99,-0.04,0.0,0.01,5.24,3.51
0.09,0.07,0.99,-0.02,-0.01,0.0,5.44,3.79
0.09,0.07,1.0,-0.03,-0.0,0.0,5.23,3.73
0.09,0.07,0.99,-0.06,-0.02,0.03,5.45,3.96
0.09,0.07,1.0,-0.05,0.0,-0.0,5.32,3.89
0.09,0.06,0.99,-0.05,0.0,0.01,5.27,3.69
0.09,0.07,1.0,-0.03,0.0,0.01,5.24,3.74
0.09,0.06,0.99,-0.08,-0.04,0.03,5.27,3.73
0.09,0.06,1.0,-0.05,-0.02,0.01,5.37,3.52
0.09,0.07,0.99,-0.05,0.0,0.01,5.23,3.94
0.1,0.07,1.0,-0.03,-0.0,-0.0,5.48,3.95
0.1,0.07,0.99,-0.03,0.01,0.01,5.6,3.94
0.1,0.07,1.0,-0.03,-0.01,0.0,5.63,4.07
0.1,0.07,0.99,-0.02,-0.01,0.0,5.53,3.82
0.09,0.07,0.99,-0.03,0.01,0.0,5.42,4.2
0.09,0.07,0.99,-0.03,0.0,-0.01,5.27,3.93
0.09,0.07,1.0,-0.03,-0.0,0.01,5.17,3.95
0.09,0.07,0.99,-0.04,-0.0,0.01,5.24,3.95
0.1,0.07,0.99,-0.05,0.0,0.0,5.49,3.94
0.1,0.06,1.0,-0.02,0.05,-0.05,5.77,3.41
0.1,0.07,1.0,-0.08,0.0,0.01,5.43,4.04
0.09,0.07,0.99,-0.05,0.0,0.01,4.96,3.98
0.09,0.06,0.99,-0.05,0.01,0.0,5.42,3.56
0.09,0.07,0.99,-0.06,0.01,-0.01,5.33,3.83
0.09,0.07,1.0,-0.05,-0.0,0.01,5.32,3.84
0.09,0.07,1.0,0.03,0.15,-0.14,5.41,3.79
0.09,0.07,1.0,-0.05,0.01,0.0,5.14,3.8
0.09,0.07,0.99,-0.04,0.01,-0.0,5.4,3.87
0.08,0.06,1.0,-0.04,-0.0,0.01,4.67,3.59
0.09,0.07,1.0,0.02,0.13,-0.13,5.01,3.74
0.09,0.07,0.98,-0.05,0.01,-0.0,5.02,3.82
0.09,0.07,0.99,-0.06,0.0,0.01,5.39,4.28
0.1,0.07,0.99,-0.04,0.02,-0.02,5.78,4.14
0.09,0.06,0.99,0.08,0.2,-0.22,5.46,3.71
0.09,0.07,1.0,-0.04,-0.0,0.0,5.21,3.79
0.09,0.07,0.99,-0.04,0.01,-0.01,5.4,4.13
0.1,0.06,0.99,-0.09,-0.06,0.05,5.83,3.61
0.1,0.07,0.98,0.02,0.13,-0.14,5.93,4.17
0.09,0.07,1.0,-0.06,0.01,-0.0,5.25,4.07
0.1,0.07,0.99,-0.03,0.0,0.0,5.49,3.91
0.09,0.06,0.99,-0.06,-0.04,0.04,5.15,3.63
0.09,0.07,0.99,-0.07,-0.01,0.02,5.02,3.73
0.09,0.07,0.99,-0.08,-0.01,0.01,5.23,4.01
0.1,0.07,0.99,-0.04,0.01,0.01,5.46,3.9
0.09,0.07,1.0,-0.08,-0.02,0.03,5.33,4.01
0.09,0.07,1.0,0.01,0.12,-0.13,5.35,3.84
0.09,0.06,0.99,-0.05,0.01,0.0,5.23,3.67
0.1,0.06,0.99,-0.04,0.0,0.01,5.58,3.6
0.09,0.07,1.0,-0.04,0.01,0.0,5.14,3.92
0.1,0.07,1.0,-0.04,-0.01,-0.0,5.48,3.87
0.1,0.07,1.0,-0.04,0.01,0.0,5.54,3.84
0.09,0.07,0.99,0.02,0.16,-0.16,5.23,3.86
0.1,0.07,1.0,-0.03,0.01,-0.0,5.45,3.85
0.09,0.07,0.99,-0.04,-0.01,0.02,5.42,3.92
0.1,0.07,1.0,0.08,0.24,-0.26,5.59,4.03
0.1,0.07,0.99,-0.04,0.01,-0.0,5.67,3.96
0.1,0.06,0.99,-0.06,-0.0,0.01,5.6,3.71
0.1,0.07,0.99,-0.06,-0.02,0.01,5.45,3.96
0.1,0.06,1.0,0.06,0.2,-0.19,5.57,3.56
0.1,0.07,1.0,-0.05,0.01,0.0,5.49,3.83
0.09,0.07,0.99,-0.03,-0.0,-0.0,5.41,3.81
0.1,0.06,0.99,-0.03,0.0,0.0,5.58,3.61
0.1,0.07,1.0,-0.04,0.01,-0.01,5.58,3.86
0.09,0.07,0.99,-0.04,-0.0,0.01,5.22,3.96
0.09,0.07,1.0,-0.03,0.01,0.0,5.18,3.82
0.1,0.07,1.0,-0.04,-0.0,0.0,5.53,3.72
0.09,0.06,0.99,-0.04,0.0,0.0,5.2,3.49
0.09,0.07,0.99,-0.04,0.0,-0.0,5.33,3.81
0.09,0.07,1.0,-0.04,0.0,0.01,5.3,3.79
0.1,0.07,1.0,0.01,0.1,-0.08,5.5,3.93
0.09,0.07,0.99,-0.04,-0.02,0.02,5.38,4.04
0.1,0.07,0.99,0.04,0.15,-0.15,5.55,3.96
0.1,0.07,0.99,-0.05,0.01,-0.0,5.52,3.85
0.1,0.07,0.99,-0.04,0.03,-0.04,5.57,3.81
0.09,0.07,0.99,-0.05,-0.02,0.02,5.43,3.79
0.1,0.07,1.0,-0.05,-0.01,0.0,5.51,3.78
0.09,0.07,1.0,-0.05,-0.0,0.01,5.3,3.79
0.1,0.07,0.99,-0.05,-0.01,0.02,5.55,3.93
0.1,0.07,1.0,-0.05,-0.01,0.0,5.51,3.84
0.1,0.07,0.98,-0.05,0.0,0.01,5.7,4.09
0.09,0.07,1.0,-0.03,-0.0,0.01,5.43,3.73
0.1,0.07,1.0,-0.06,0.01,0.01,5.54,3.81
0.1,0.07,0.99,-0.05,-0.02,0.01,5.96,4.03
0.09,0.07,0.98,-0.05,0.0,0.0,5.35,3.95
0.09,0.07,0.99,-0.05,-0.0,-0.0,5.36,4.22
0.09,0.07,0.99,-0.03,-0.0,0.0,5.43,4.15
0.09,0.07,1.0,-0.02,-0.01,-0.0,5.06,4.03
0.09,0.07,1.0,-0.05,0.01,0.01,5.38,3.89
0.1,0.07,0.99,-0.06,0.02,0.01,5.74,4.0
0.09,0.07,1.0,-0.05,0.05,-0.03,5.25,4.16
0.09,0.07,0.99,-0.12,-0.13,0.13,5.12,3.91
0.09,0.07,0.99,-0.07,-0.02,0.02,4.98,4.04
0.1,0.07,0.99,-0.06,0.01,0.0,5.67,3.89
0.09,0.07,0.99,-0.05,0.02,-0.0,5.0,4.06
0.09,0.07,1.0,-0.02,0.05,-0.03,5.24,4.12
0.1,0.07,0.99,0.02,0.13,-0.12,5.6,4.07
0.09,0.07,0.99,-0.03,0.0,0.0,5.41,4.02
0.1,0.07,0.99,-0.06,-0.02,0.02,5.54,4.09
0.1,0.07,0.99,-0.1,-0.03,0.04,5.48,3.89
0.09,0.07,0.99,-0.06,0.01,0.0,5.19,3.91
0.09,0.07,1.0,-0.05,0.0,0.0,5.35,4.11
0.09,0.07,0.99,-0.03,0.01,-0.0,5.08,3.95
0.09,0.07,1.0,-0.04,0.02,-0.03,5.18,4.01
0.09,0.07,1.0,0.01,0.14,-0.15,5.3,3.92
0.09,0.07,1.0,-0.05,0.01,0.0,5.28,3.98
0.09,0.07,0.99,-0.04,0.0,0.01,5.31,4.08
0.09,0.07,0.99,-0.05,0.03,-0.04,5.35,4.09
0.1,0.07,0.99,-0.05,-0.0,0.0,5.47,4.01
0.09,0.07,0.99,-0.04,-0.01,0.0,5.4,3.95
0.1,0.07,0.99,-0.03,0.01,0.0,5.53,4.0
0.1,0.07,0.99,-0.06,-0.03,0.0,5.56,4.13
0.1,0.07,0.99,-0.1,-0.02,0.03,5.63,4.01
0.1,0.07,0.99,0.05,0.2,-0.18,5.5,3.88
0.09,0.07,1.0,-0.03,0.01,0.0,5.27,4.02
0.1,0.07,0.99,-0.06,0.04,-0.03,5.51,4.04
0.1,0.07,0.99,0.03,0.14,-0.13,5.66,4.19
0.1,0.06,0.99,0.03,0.14,-0.13,5.51,3.61
0.1,0.07,0.99,-0.04,0.01,0.0,5.57,3.91
0.09,0.07,0.99,-0.08,-0.01,0.03,5.41,3.85
0.09,0.07,1.0,-0.04,-0.01,0.01,5.39,4.07
0.09,0.07,0.99,-0.06,0.01,0.01,5.35,4.15
0.09,0.07,0.99,0.04,0.15,-0.16,5.22,4.01
0.1,0.07,1.0,-0.05,0.02,-0.0,5.44,3.97
0.1,0.07,0.99,-0.04,-0.01,0.01,5.55,4.13
0.09,0.07,0.99,0.04,0.14,-0.14,5.4,3.88
0.09,0.07,0.99,-0.03,0.01,0.0,5.41,3.9
0.09,0.06,0.99,-0.04,0.01,0.0,5.35,3.62
0.09,0.07,0.99,-0.03,-0.01,0.02,5.44,3.78
0.09,0.07,0.99,0.09,0.23,-0.26,5.29,3.96
0.1,0.07,0.99,-0.04,0.01,0.0,5.79,3.99
0.09,0.07,0.99,0.02,0.16,-0.14,5.37,3.91
0.09,0.07,0.99,-0.03,0.01,0.01,5.37,4.01
0.1,0.06,0.99,0.04,0.15,-0.16,5.47,3.65
0.1,0.07,0.99,-0.04,0.01,-0.01,5.51,3.85
0.1,0.07,1.0,-0.03,0.0,0.0,5.63,3.98
0.09,0.08,1.0,-0.03,-0.01,0.01,5.22,4.56
0.09,0.08,0.99,0.03,0.16,-0.16,5.3,4.32
0.09,0.07,1.0,-0.06,0.0,-0.0,5.39,3.83
0.09,0.06,0.99,-0.04,0.01,0.0,5.32,3.53
0.1,0.07,1.0,-0.04,-0.01,0.0,5.81,3.77
0.1,0.07,0.99,-0.05,0.01,0.0,5.83,3.92
0.09,0.06,0.99,-0.03,-0.0,-0.0,5.4,3.62
0.1,0.07,1.0,-0.03,0.0,0.01,5.99,4.06
0.1,0.07,1.0,-0.06,-0.01,0.0,5.93,3.73
0.1,0.06,0.99,-0.04,-0.02,0.02,5.68,3.64
0.09,0.07,1.0,-0.06,0.0,0.01,5.28,3.83
0.09,0.07,0.99,-0.05,0.01,0.01,5.3,3.98
0.09,0.07,0.99,-0.03,0.04,-0.04,5.31,3.86
0.09,0.07,0.99,-0.04,-0.01,0.02,5.33,3.83
0.1,0.06,0.99,-0.05,0.01,0.0,5.57,3.62
0.1,0.07,0.99,-0.05,-0.0,0.01,5.78,3.96
0.1,0.07,0.99,-0.03,0.0,0.01,5.61,4.09
0.1,0.07,0.99,-0.02,-0.01,0.0,5.56,4.17
0.09,0.07,0.99,0.04,0.15,-0.14,5.39,3.93
0.1,0.07,0.99,-0.04,0.01,0.0,5.7,3.72
0.1,0.07,0.99,-0.06,0.0,0.0,5.45,3.99
0.1,0.06,0.99,-0.03,-0.01,0.02,5.56,3.69
0.1,0.06,0.99,-0.05,0.0,0.0,5.49,3.7
0.09,0.07,0.98,-0.03,-0.01,0.0,5.48,3.9
0.1,0.07,0.99,-0.03,0.07,-0.08,5.47,4.0
0.1,0.07,1.0,-0.04,-0.01,0.0,5.63,3.82
0.1,0.07,0.99,-0.05,-0.0,0.01,5.49,3.76
0.09,0.07,1.0,-0.03,0.01,0.0,5.4,3.89
0.09,0.07,1.0,-0.07,0.0,0.01,5.41,3.73
0.1,0.07,0.99,-0.07,-0.01,0.03,5.74,3.99
0.1,0.07,0.99,0.11,0.26,-0.27,5.62,3.86
0.1,0.07,0.99,-0.01,0.0,0.0,5.62,3.87
0.09,0.06,1.0,-0.03,0.01,-0.0,5.3,3.7
0.09,0.07,0.99,-0.05,0.01,-0.03,5.38,3.87
0.1,0.07,0.98,0.01,0.12,-0.12,5.64,3.91
0.1,0.07,0.99,-0.04,0.01,0.0,5.69,3.75
0.1,0.07,0.99,-0.03,-0.0,0.01,5.65,3.89
0.1,0.07,0.99,-0.06,-0.03,0.02,5.62,3.82
0.1,0.07,0.99,0.06,0.19,-0.2,5.47,3.81
0.1,0.07,0.99,-0.05,-0.0,0.01,5.58,3.82
0.1,0.07,0.99,-0.04,0.01,0.01,5.5,3.8
0.09,0.07,0.99,-0.06,0.01,0.0,5.46,3.85
0.1,0.07,0.99,0.02,0.14,-0.16,5.59,3.75
0.1,0.07,1.0,-0.05,-0.0,-0.0,5.62,3.87
0.1,0.05,1.0,-0.03,0.0,0.0,5.48,3.06
0.1,0.06,1.0,-0.09,-0.09,0.07,5.62,3.5
0.1,0.07,0.99,-0.05,0.02,-0.01,5.56,3.79
0.1,0.06,1.0,-0.06,-0.01,0.01,5.43,3.7
0.1,0.06,0.99,-0.05,0.02,0.0,5.61,3.68
0.1,0.07,0.99,-0.05,-0.01,0.01,5.84,3.76
0.1,0.06,0.99,-0.06,-0.02,0.02,5.63,3.69
0.09,0.07,0.99,0.09,0.24,-0.27,5.41,3.94
0.1,0.06,0.99,-0.02,0.0,-0.0,5.6,3.55
0.1,0.06,0.99,-0.05,0.01,-0.0,5.55,3.73
0.09,0.07,0.99,-0.04,-0.01,0.01,5.46,4.08
0.09,0.06,1.0,-0.03,-0.0,0.01,5.24,3.45
0.1,0.07,1.0,0.04,0.15,-0.15,5.92,4.27
0.1,0.06,1.0,-0.05,0.02,-0.01,5.44,3.65
0.1,0.08,0.97,-0.04,-0.02,0.01,5.65,4.72
0.1,0.07,0.99,0.02,0.15,-0.15,5.79,4.03
0.1,0.07,0.99,-0.03,0.01,0.0,5.69,3.89
0.1,0.06,0.99,-0.02,0.01,0.0,5.51,3.46
0.1,0.07,0.99,-0.03,-0.01,0.0,5.61,3.93
0.1,0.07,1.0,-0.02,-0.0,-0.0,5.92,3.82
0.1,0.07,0.99,-0.04,0.01,0.01,5.6,3.88
0.09,0.07,0.99,-0.08,-0.09,0.07,5.46,3.93
0.1,0.06,1.0,-0.04,-0.01,0.02,5.55,3.31
0.1,0.06,0.99,-0.03,-0.01,0.01,5.57,3.65
0.1,0.07,0.99,-0.03,-0.0,0.0,5.58,4.04
0.09,0.07,0.99,-0.03,0.01,0.0,5.42,3.79
0.09,0.07,0.99,-0.04,0.05,-0.07,5.28,3.81
0.1,0.07,0.99,-0.05,0.0,-0.01,5.74,3.96
0.1,0.07,0.99,-0.02,0.0,-0.0,5.55,4.1
0.1,0.07,0.99,-0.03,0.0,0.01,5.77,3.74
0.1,0.06,1.0,-0.04,0.01,-0.0,5.54,3.64
0.1,0.07,0.99,-0.12,-0.13,0.1,5.5,4.02
0.09,0.06,0.99,-0.04,-0.03,0.02,5.42,3.58
0.09,0.07,1.0,-0.05,0.01,0.0,5.41,3.8
0.1,0.07,0.99,-0.05,0.01,0.01,5.68,3.95
0.1,0.07,0.99,-0.03,-0.01,0.01,5.49,3.97
0.09,0.07,0.99,-0.04,-0.0,0.0,5.32,3.78
0.09,0.07,1.0,-0.02,-0.01,0.01,5.37,3.78
0.09,0.07,0.99,-0.04,0.03,-0.03,5.38,3.99
0.09,0.07,0.99,-0.03,-0.01,0.01,5.37,3.98
0.09,0.06,1.0,0.08,0.23,-0.21,5.41,3.66
0.1,0.07,1.0,-0.05,0.02,0.0,5.49,3.76
0.1,0.06,1.0,-0.04,0.0,0.01,5.45,3.69
0.1,0.06,0.99,-0.05,-0.01,0.01,5.62,3.72
0.1,0.07,0.99,-0.05,0.0,0.0,5.55,3.78
0.1,0.07,0.99,-0.03,-0.01,0.0,5.69,3.78
0.1,0.07,0.99,-0.05,0.02,-0.02,5.61,3.82
0.09,0.07,0.99,-0.05,-0.01,0.01,5.38,3.8
0.1,0.06,0.99,-0.04,-0.0,0.01,5.71,3.53
0.1,0.06,0.99,-0.07,0.01,0.0,5.48,3.69
0.09,0.07,0.99,-0.04,0.06,-0.04,5.34,3.82
0.1,0.07,0.99,-0.07,-0.01,0.01,5.66,3.82
0.1,0.07,0.99,-0.05,0.05,-0.06,5.5,4.01
0.09,0.07,1.0,-0.02,-0.02,0.01,5.39,3.99
0.09,0.06,1.0,-0.03,0.01,0.01,5.22,3.69
0.09,0.07,0.99,-0.04,0.03,-0.06,5.41,3.92
0.09,0.07,0.99,-0.06,-0.02,0.02,5.37,3.96
0.09,0.07,0.99,-0.06,0.0,0.0,5.4,3.98
0.1,0.07,0.99,-0.04,0.02,-0.01,5.62,3.82
0.1,0.07,1.0,-0.05,-0.01,0.01,5.43,3.81
0.1,0.06,1.0,0.08,0.23,-0.23,5.44,3.61
0.1,0.07,0.99,-0.04,-0.0,0.0,5.47,3.81
0.1,0.07,0.99,-0.03,0.0,0.0,5.61,4.09
0.09,0.07,1.0,-0.02,0.05,-0.08,5.36,3.73
0.1,0.06,0.99,-0.06,-0.0,0.01,5.49,3.7
0.08,0.07,0.99,-0.04,0.0,0.0,4.83,3.91
0.1,0.07,0.99,-0.04,0.01,0.01,5.69,3.76
0.09,0.07,0.99,-0.07,0.03,-0.02,5.09,3.9
0.09,0.07,0.99,0.02,0.14,-0.15,5.08,3.86
0.09,0.06,0.99,-0.07,0.01,-0.0,5.38,3.67
0.1,0.07,0.99,-0.03,0.02,-0.0,5.58,3.74
0.1,0.06,1.0,0.07,0.19,-0.19,5.44,3.54
0.11,0.06,1.0,-0.07,0.01,-0.0,6.04,3.37
0.1,0.06,1.0,0.03,0.2,-0.18,5.78,3.53
0.1,0.06,1.0,-0.05,0.0,0.0,5.59,3.34
0.1,0.07,0.99,-0.04,0.01,0.0,5.92,3.89
0.09,0.07,0.99,-0.04,-0.0,-0.0,5.42,3.92
0.09,0.07,0.99,-0.04,-0.0,0.01,5.4,4.11
0.09,0.07,0.99,-0.04,0.01,0.0,5.42,3.88
0.1,0.07,0.99,-0.06,0.01,0.01,5.61,3.91
0.1,0.06,1.0,-0.04,0.0,-0.0,5.86,3.66
0.1,0.07,0.99,-0.05,0.0,0.01,5.55,4.01
0.09,0.07,0.99,0.03,0.14,-0.14,5.42,3.84
0.1,0.07,0.99,-0.02,0.02,-0.01,5.73,3.84
0.09,0.07,0.99,-0.02,-0.01,-0.0,5.38,3.76
0.09,0.07,0.99,0.03,0.14,-0.13,5.41,3.91
0.1,0.07,1.0,-0.04,0.01,0.0,5.73,3.84
0.1,0.07,1.0,-0.03,0.0,0.01,5.54,3.79
0.1,0.07,0.99,-0.04,-0.01,0.01,5.49,3.91
0.1,0.06,0.99,0.09,0.22,-0.24,5.8,3.53
0.1,0.06,1.0,-0.06,0.01,-0.0,5.68,3.63
0.1,0.06,0.99,-0.04,0.01,-0.0,5.7,3.68
0.1,0.07,1.0,-0.03,0.01,0.0,5.78,3.85
0.1,0.06,1.0,0.03,0.14,-0.14,5.6,3.6
0.1,0.07,0.99,-0.03,0.01,0.01,5.56,3.87
0.09,0.07,0.99,-0.03,0.0,0.01,5.4,3.84
0.09,0.07,0.99,-0.05,0.01,-0.02,5.44,3.83
0.1,0.06,0.99,0.03,0.14,-0.16,5.62,3.55
0.09,0.07,0.99,-0.04,0.0,-0.0,5.45,3.75
0.1,0.06,0.99,-0.03,0.01,-0.01,5.7,3.59
0.1,0.06,1.0,-0.01,0.08,-0.1,5.95,3.49
0.1,0.06,0.99,-0.07,-0.0,0.01,5.71,3.65
0.09,0.06,0.99,-0.05,-0.01,0.0,5.45,3.57
0.1,0.06,0.99,-0.03,-0.0,0.01,5.64,3.68
0.1,0.06,0.99,-0.06,0.03,-0.01,5.62,3.54
0.1,0.06,1.0,-0.05,-0.01,0.01,5.72,3.44
0.1,0.06,1.0,-0.05,0.01,0.0,5.55,3.58
0.1,0.06,0.99,-0.05,0.0,0.01,5.61,3.67
0.1,0.06,0.98,-0.03,0.03,-0.05,5.76,3.68
0.1,0.06,1.0,-0.05,-0.01,0.02,5.47,3.63
0.1,0.06,1.0,-0.05,0.01,-0.0,5.98,3.58
0.1,0.06,1.0,0.01,0.13,-0.13,5.53,3.71
0.1,0.07,0.99,-0.05,0.01,-0.0,5.95,3.77
0.1,0.06,0.99,-0.04,-0.01,0.01,5.54,3.67
0.1,0.07,0.99,-0.04,-0.01,0.01,5.48,3.85
0.1,0.06,1.0,-0.04,0.01,0.0,5.66,3.64
0.1,0.07,0.99,-0.06,0.01,-0.0,5.52,3.75
0.1,0.06,0.99,-0.04,-0.01,0.02,5.62,3.69
0.1,0.07,0.99,-0.06,0.0,0.0,5.62,3.77
0.1,0.07,0.99,-0.04,-0.0,0.0,5.57,3.84
0.1,0.06,0.99,-0.02,0.01,-0.01,5.8,3.66
0.1,0.06,0.99,-0.04,-0.0,0.0,5.48,3.68
0.1,0.07,1.0,-0.04,0.01,0.01,5.75,3.76
0.09,0.06,1.0,-0.04,0.01,-0.0,5.41,3.6
0.1,0.07,1.0,-0.05,0.01,-0.01,5.71,4.19
0.1,0.06,1.0,-0.04,-0.01,0.02,5.67,3.33
0.1,0.06,0.99,0.09,0.23,-0.25,5.88,3.64
0.1,0.07,1.0,-0.06,0.01,0.0,5.46,3.95
0.1,0.07,0.99,-0.05,0.01,0.01,5.79,4.2
0.09,0.06,0.99,-0.07,-0.03,0.02,5.23,3.73
0.1,0.06,0.99,-0.07,-0.01,0.01,5.59,3.64
0.09,0.07,0.99,-0.06,0.01,0.0,5.41,4.14
0.1,0.07,1.0,-0.03,-0.0,0.0,5.63,4.05
0.1,0.07,1.0,-0.04,0.01,0.0,5.56,4.02
0.1,0.06,0.99,0.04,0.15,-0.15,5.67,3.46
0.1,0.07,0.99,-0.04,-0.01,-0.01,5.76,3.81
0.1,0.06,0.99,-0.02,0.0,-0.0,5.59,3.4
0.1,0.06,0.99,-0.07,-0.05,0.03,5.67,3.61
0.1,0.06,0.99,0.01,0.12,-0.13,5.69,3.65
0.1,0.06,0.99,-0.04,0.0,0.0,5.73,3.64
0.1,0.06,0.99,-0.03,0.01,0.01,5.65,3.64
0.1,0.07,0.99,-0.04,-0.0,0.01,5.73,3.79
0.1,0.06,0.99,-0.06,-0.01,0.02,5.83,3.68
0.1,0.06,0.99,-0.07,-0.01,0.02,5.79,3.55
0.1,0.07,0.99,-0.07,0.01,0.01,5.63,3.83
0.1,0.07,0.99,-0.03,0.0,0.0,5.68,3.83
0.1,0.07,0.99,-0.01,-0.01,-0.0,5.64,3.74
0.1,0.07,0.99,-0.03,0.0,0.0,5.63,3.81
0.1,0.07,0.99,-0.02,0.0,0.01,5.74,3.77
0.09,0.06,0.99,-0.03,0.01,-0.01,5.45,3.75
0.1,0.07,0.99,-0.02,0.0,-0.01,5.66,3.85
0.1,0.07,0.99,-0.02,-0.0,0.0,5.5,3.77
0.1,0.06,0.99,0.03,0.15,-0.16,5.72,3.63
0.1,0.06,1.0,-0.04,0.02,-0.01,5.67,3.54
0.1,0.06,0.99,-0.05,-0.01,0.01,5.77,3.44
0.1,0.06,1.0,0.03,0.15,-0.15,5.46,3.7
0.1,0.07,0.99,-0.05,0.01,-0.0,5.66,3.86
0.1,0.07,0.99,-0.02,0.01,0.01,5.76,4.09
0.1,0.06,1.0,-0.02,-0.01,0.01,5.65,3.37
0.1,0.06,0.99,0.03,0.14,-0.14,5.59,3.67
0.1,0.06,1.0,-0.05,0.01,-0.0,5.49,3.65
0.1,0.06,1.0,-0.03,-0.0,-0.0,5.63,3.64
0.1,0.07,1.0,-0.03,0.0,0.0,5.61,3.92
0.1,0.06,1.0,-0.04,0.01,-0.01,5.61,3.71
0.1,0.06,0.99,-0.04,-0.0,-0.0,5.7,3.7
0.1,0.06,0.99,-0.04,0.01,0.0,5.69,3.6
0.1,0.06,0.99,-0.04,-0.0,0.01,5.7,3.67
0.1,0.06,0.99,0.01,0.16,-0.16,5.75,3.67
0.1,0.07,0.99,-0.05,0.01,0.01,5.81,3.82
0.1,0.07,1.0,-0.02,0.0,0.01,5.45,3.72
0.1,0.07,0.99,-0.0,0.1,-0.08,5.99,4.19
0.1,0.06,0.99,-0.06,0.0,0.02,5.62,3.62
0.1,0.06,1.0,-0.04,-0.01,0.01,5.45,3.5
0.1,0.06,1.0,-0.05,0.01,-0.0,5.78,3.49
0.09,0.06,0.99,-0.04,-0.01,0.0,5.37,3.58
0.09,0.07,0.99,-0.04,-0.01,0.01,5.34,3.99
0.09,0.06,0.99,-0.03,0.0,0.0,5.22,3.36
0.1,0.06,0.98,-0.02,-0.0,0.01,5.83,3.69
0.1,0.06,0.98,-0.04,0.0,-0.0,5.77,3.69
0.09,0.07,1.0,-0.04,-0.01,0.01,5.17,3.86
0.1,0.06,1.0,-0.07,0.01,0.01,5.54,3.62
0.1,0.06,0.99,0.03,0.16,-0.14,5.7,3.68
0.1,0.06,1.0,-0.04,0.0,-0.01,5.53,3.7
0.1,0.06,0.99,-0.04,-0.02,0.01,5.72,3.61
0.09,0.06,1.0,-0.04,-0.0,0.0,5.32,3.4
0.09,0.06,0.99,-0.04,-0.01,-0.0,5.33,3.65
0.11,0.07,1.0,-0.05,0.03,-0.03,6.03,3.88
0.09,0.07,0.99,-0.05,-0.01,0.01,5.33,3.78
0.1,0.06,0.99,-0.06,0.0,0.0,5.75,3.46
0.1,0.06,0.98,-0.06,0.02,0.01,5.86,3.66
0.1,0.06,0.99,-0.02,0.1,-0.09,5.78,3.52
0.1,0.07,0.99,-0.13,-0.11,0.11,5.64,3.79
0.09,0.07,0.99,-0.05,-0.02,0.01,5.44,4.16
0.1,0.07,1.0,-0.05,-0.01,0.01,5.67,3.91
0.09,0.07,0.99,-0.04,0.02,0.01,5.37,3.73
0.1,0.07,0.99,-0.03,0.0,0.01,5.81,3.76
0.1,0.07,1.0,-0.03,-0.0,0.0,5.67,3.8
0.09,0.07,1.0,-0.03,-0.0,0.01,5.3,3.95
0.09,0.07,0.99,-0.04,0.0,0.0,5.4,3.77
0.1,0.07,0.99,-0.06,-0.02,0.03,5.66,3.9
0.1,0.07,0.99,0.04,0.13,-0.12,5.57,3.86
0.1,0.07,0.99,0.03,0.15,-0.15,5.64,3.74
0.1,0.07,0.99,-0.05,0.01,0.01,5.65,3.8
0.1,0.06,0.99,-0.03,0.05,-0.06,5.75,3.64
0.1,0.07,0.99,0.02,0.12,-0.14,5.48,3.82
0.09,0.06,1.0,-0.03,0.01,0.01,5.28,3.56
0.1,0.07,0.99,-0.05,0.0,0.0,5.61,4.06
0.1,0.06,0.99,-0.03,0.0,0.0,5.59,3.49
0.1,0.06,0.99,-0.03,-0.01,-0.0,5.65,3.59
0.1,0.07,0.99,-0.03,-0.0,0.0,5.67,3.8
0.09,0.07,0.99,-0.03,0.01,-0.0,5.42,3.74
0.1,0.06,0.99,0.08,0.19,-0.19,5.52,3.6
0.1,0.07,0.99,-0.08,0.0,0.01,5.61,3.75
0.1,0.06,0.99,-0.04,-0.01,0.01,5.6,3.65
0.1,0.07,1.0,-0.05,0.01,0.0,5.72,3.72
0.1,0.07,0.99,-0.06,-0.01,0.02,5.71,3.75
0.1,0.06,0.99,0.04,0.13,-0.15,5.58,3.7
0.1,0.06,0.99,0.02,0.15,-0.14,5.54,3.69
0.1,0.06,0.99,-0.04,0.02,-0.0,5.85,3.55
0.1,0.06,0.99,-0.05,0.02,-0.01,5.71,3.59
0.1,0.06,0.99,-0.03,-0.0,0.01,5.78,3.34
0.1,0.06,1.0,-0.06,0.02,-0.0,5.71,3.64
0.1,0.06,0.99,0.02,0.14,-0.13,5.88,3.6
0.1,0.07,0.99,-0.03,0.01,-0.01,5.81,3.85
0.1,0.06,0.99,-0.03,-0.01,-0.0,5.47,3.68
0.1,0.07,0.99,0.03,0.13,-0.12,5.79,3.81
0.09,0.06,0.99,-0.03,0.01,-0.0,5.37,3.56
0.1,0.06,0.99,-0.05,0.01,0.0,5.85,3.36
0.1,0.06,0.99,-0.05,-0.01,0.0,5.79,3.53
0.1,0.06,1.0,-0.04,0.01,-0.01,5.67,3.67
0.11,0.06,1.0,-0.05,0.0,0.01,6.13,3.58
0.1,0.07,1.0,-0.08,-0.08,0.09,5.63,3.83
0.11,0.06,1.0,-0.05,-0.02,0.02,6.28,3.16
0.1,0.07,1.0,0.03,0.16,-0.14,5.86,3.87
0.1,0.06,1.0,-0.04,0.01,0.0,5.8,3.44
0.1,0.06,0.99,-0.04,0.0,0.01,5.54,3.55
0.1,0.06,1.0,-0.05,0.02,-0.02,5.65,3.42
0.1,0.06,1.0,0.02,0.14,-0.15,5.61,3.48
0.1,0.06,0.99,-0.06,0.0,0.0,6.01,3.17
0.1,0.06,0.99,-0.04,0.01,0.01,5.63,3.41
0.09,0.06,1.0,-0.04,-0.01,0.0,5.44,3.4
0.1,0.06,0.99,-0.04,-0.0,0.0,5.61,3.23
0.1,0.06,0.99,-0.02,-0.01,0.0,5.68,3.41
0.09,0.06,0.99,-0.03,-0.0,0.01,5.45,3.48
0.1,0.06,1.0,-0.04,0.02,-0.01,5.64,3.44
0.1,0.07,1.0,-0.06,-0.01,0.0,5.8,3.8
0.09,0.06,0.99,-0.04,-0.0,0.01,5.3,3.44
0.1,0.06,1.0,-0.04,0.01,0.01,5.79,3.64
0.1,0.06,1.0,-0.09,-0.03,0.03,5.69,3.66
0.1,0.06,1.0,-0.07,-0.01,0.02,5.61,3.67
0.1,0.06,1.0,-0.07,0.0,-0.0,5.6,3.64
0.1,0.06,0.99,-0.06,0.0,0.0,5.49,3.73
0.1,0.07,0.99,-0.04,0.01,0.0,5.71,3.89
0.1,0.06,0.99,-0.03,-0.01,0.0,5.54,3.67
0.1,0.06,0.99,-0.03,-0.0,0.01,5.86,3.46
0.1,0.06,0.99,-0.04,-0.0,0.0,5.5,3.65
0.1,0.06,0.99,-0.05,-0.02,0.03,5.59,3.7
0.1,0.07,0.99,-0.04,-0.01,0.01,5.55,3.88
0.1,0.07,0.99,-0.03,0.0,0.0,5.64,3.9
0.1,0.07,0.99,-0.03,-0.01,0.0,5.48,3.9
0.1,0.07,0.99,-0.04,0.05,-0.04,5.55,3.84
0.1,0.07,1.0,-0.05,0.0,0.01,5.48,3.7
0.09,0.07,0.99,-0.04,-0.0,0.01,5.4,3.88
0.1,0.07,1.0,-0.04,0.0,0.01,5.64,3.81
0.1,0.06,0.99,-0.03,0.01,-0.01,5.6,3.58
0.1,0.06,0.99,-0.05,-0.0,0.01,5.55,3.65
0.1,0.07,0.99,-0.04,0.01,-0.0,5.52,3.81
0.1,0.07,0.99,-0.03,-0.0,0.0,5.52,3.89
0.1,0.06,0.99,-0.03,0.01,0.0,5.52,3.63
0.1,0.07,0.99,-0.05,0.01,-0.02,5.69,3.79
0.1,0.07,0.99,0.03,0.12,-0.13,5.53,3.77
0.1,0.07,0.99,-0.04,0.01,0.0,5.6,3.77
0.1,0.07,0.99,-0.04,-0.01,0.01,5.54,3.74
0.1,0.06,0.99,-0.05,0.01,-0.0,5.59,3.56
0.1,0.07,1.0,0.01,0.12,-0.12,5.62,3.76
0.1,0.07,0.99,-0.05,-0.0,0.01,5.73,3.75
0.1,0.06,0.99,-0.02,0.01,0.0,5.72,3.68
0.1,0.06,0.99,-0.09,-0.06,0.06,5.48,3.6
0.1,0.06,0.99,0.02,0.11,-0.13,5.64,3.42
0.1,0.07,0.99,-0.03,0.01,0.0,5.59,3.74
0.1,0.07,1.0,-0.03,0.0,0.0,5.48,3.94
0.1,0.07,1.0,-0.09,-0.11,0.11,5.51,3.89
0.09,0.07,0.99,-0.06,-0.01,0.02,5.36,3.91
0.1,0.07,0.99,-0.05,0.0,0.01,5.52,3.74
0.1,0.06,1.0,-0.03,0.0,0.0,5.56,3.57
0.1,0.07,1.0,-0.04,0.02,-0.01,5.59,3.95
0.09,0.06,0.99,0.03,0.13,-0.13,5.43,3.72
0.09,0.06,0.99,0.03,0.15,-0.14,5.45,3.67
0.1,0.06,1.0,-0.03,0.0,0.0,5.5,3.58
0.09,0.07,1.01,-0.04,0.02,-0.01,5.2,3.86
0.1,0.06,0.99,-0.04,-0.0,-0.0,5.51,3.57
0.1,0.07,1.0,-0.04,0.0,0.0,5.71,3.8
0.1,0.07,0.99,0.03,0.15,-0.15,5.59,4.03
0.09,0.06,0.99,-0.03,0.01,-0.01,5.45,3.53
0.1,0.06,1.0,-0.03,-0.01,0.01,5.82,3.42
0.09,0.07,0.99,0.09,0.23,-0.26,5.19,3.92
0.1,0.05,0.99,-0.04,0.01,0.01,5.67,2.97
0.11,0.06,0.99,-0.03,0.01,0.0,6.11,3.56
0.1,0.07,0.98,-0.03,-0.01,0.01,5.67,3.84
0.1,0.06,0.99,-0.03,-0.0,0.01,5.63,3.47
0.1,0.06,1.0,-0.03,0.0,0.0,5.52,3.49
0.1,0.07,0.99,0.03,0.14,-0.14,5.71,3.88
0.1,0.07,1.0,-0.04,0.02,0.0,5.78,3.76
0.1,0.06,0.99,-0.03,0.01,0.01,5.63,3.56
0.09,0.06,0.99,-0.04,-0.0,0.0,5.29,3.48
0.1,0.06,1.0,-0.04,0.01,0.0,5.69,3.64
0.1,0.06,0.99,-0.04,-0.01,0.01,5.63,3.69
0.1,0.06,0.99,-0.04,-0.0,-0.01,5.81,3.65
0.1,0.07,1.0,-0.03,0.0,0.0,5.65,3.72
0.1,0.06,1.0,-0.02,0.01,0.01,5.45,3.54
0.1,0.06,1.0,-0.02,0.06,-0.05,5.53,3.69
0.1,0.06,0.99,-0.06,-0.01,0.02,5.62,3.52
0.1,0.06,0.99,0.03,0.14,-0.14,5.49,3.53
0.1,0.06,0.99,-0.05,0.01,0.0,5.47,3.39
0.1,0.06,1.0,-0.04,-0.0,0.0,5.59,3.21
0.1,0.07,0.99,-0.04,-0.01,0.0,5.67,3.9
0.1,0.06,0.99,-0.03,0.01,0.0,5.59,3.22
0.1,0.06,0.99,-0.04,0.0,0.0,5.54,3.74
0.09,0.06,0.99,-0.06,0.01,0.0,5.35,3.73
0.1,0.07,1.0,-0.05,-0.02,0.01,5.62,3.73
0.1,0.07,0.99,-0.04,-0.01,0.0,5.52,3.87
0.1,0.07,1.0,-0.1,-0.11,0.1,5.69,3.81
0.1,0.06,1.0,-0.03,-0.01,0.02,5.55,3.65
0.09,0.06,0.99,-0.05,-0.01,0.0,5.35,3.64
0.1,0.06,0.99,-0.04,-0.0,0.0,5.53,3.74
0.09,0.07,1.0,-0.02,-0.0,0.0,5.27,3.75
0.1,0.06,0.99,-0.04,0.04,-0.04,5.7,3.67
0.09,0.07,0.99,-0.04,-0.02,0.02,5.44,3.78
0.1,0.07,0.99,-0.06,-0.0,0.01,5.56,3.91
0.09,0.06,0.99,-0.02,0.01,-0.0,5.38,3.66
0.1,0.07,0.99,-0.04,0.04,-0.04,5.55,3.9
0.1,0.06,0.99,-0.11,-0.1,0.09,5.53,3.69
0.09,0.06,0.99,-0.07,-0.03,0.02,5.32,3.71
0.09,0.07,1.0,-0.07,-0.0,0.0,5.25,3.85
0.09,0.07,1.0,-0.07,0.0,0.0,5.43,4.03
0.09,0.07,0.99,-0.05,-0.02,0.01,5.41,4.02
0.1,0.06,1.0,0.07,0.21,-0.18,5.56,3.54
0.1,0.07,1.0,-0.05,0.01,0.0,5.68,3.82
0.09,0.06,0.99,-0.03,0.01,-0.0,5.33,3.5
0.09,0.07,0.99,-0.05,-0.01,0.01,5.4,3.81
0.09,0.05,0.99,0.1,0.23,-0.25,5.28,3.12
0.09,0.06,0.99,-0.03,0.0,0.0,5.39,3.63
0.1,0.06,1.0,-0.03,0.0,0.01,5.59,3.65
0.1,0.07,0.99,-0.07,-0.05,0.03,5.53,3.88
0.09,0.06,0.99,-0.03,-0.02,0.01,5.42,3.71
0.1,0.07,0.99,-0.05,-0.0,-0.01,5.46,3.76
0.1,0.07,0.99,-0.04,0.0,0.01,5.45,3.86
0.1,0.07,0.99,-0.03,0.0,0.0,5.49,3.79
0.1,0.07,1.0,-0.03,0.0,-0.01,5.84,3.89
0.1,0.06,0.98,-0.03,-0.0,0.0,5.58,3.63
0.1,0.06,0.99,-0.03,0.01,0.0,5.62,3.6
0.1,0.07,1.0,-0.05,0.01,-0.03,5.63,3.9
0.09,0.06,1.0,-0.07,0.01,0.0,5.31,3.43
0.09,0.07,1.0,-0.06,-0.01,0.02,5.22,3.76
0.1,0.07,0.99,-0.06,0.01,0.0,5.63,4.11
0.09,0.07,1.0,-0.03,0.01,0.01,5.35,3.86
0.1,0.07,0.99,0.02,0.14,-0.14,5.81,3.75
0.09,0.06,0.98,-0.05,0.0,-0.0,5.39,3.78
0.09,0.06,1.0,-0.04,0.01,0.01,5.22,3.62
0.1,0.06,1.0,-0.03,0.01,0.0,5.43,3.41
0.09,0.07,0.99,-0.03,-0.01,0.01,5.25,4.16
0.1,0.07,0.99,-0.06,0.01,0.0,5.83,3.92
0.1,0.06,0.99,0.03,0.13,-0.13,5.56,3.57
0.1,0.06,0.99,-0.07,0.0,0.01,5.73,3.33
0.09,0.07,1.0,-0.06,-0.01,0.01,5.35,3.83
0.09,0.06,0.99,0.01,0.14,-0.14,5.4,3.68
0.09,0.07,0.99,-0.03,0.01,0.0,5.38,3.91
0.09,0.07,0.99,-0.03,0.0,-0.0,5.47,4.0
0.09,0.07,1.0,-0.03,-0.01,0.01,5.28,4.02
0.1,0.06,0.99,0.09,0.23,-0.25,5.66,3.71
0.1,0.06,0.99,-0.03,0.01,-0.01,5.55,3.67
0.09,0.06,0.99,0.03,0.15,-0.14,5.45,3.42
0.1,0.06,0.99,-0.03,0.0,0.0,5.59,3.56
0.1,0.06,1.0,0.03,0.14,-0.15,5.47,3.37
0.09,0.07,0.99,-0.05,0.01,0.0,5.37,3.81
0.1,0.06,1.0,-0.03,0.01,-0.0,5.67,3.55
0.1,0.07,0.99,-0.04,-0.0,0.01,5.67,3.82
0.1,0.06,0.99,0.03,0.14,-0.14,5.86,3.54
0.1,0.06,0.99,-0.06,0.01,0.0,5.68,3.66
0.1,0.06,0.99,-0.04,0.01,-0.0,5.46,3.67
0.1,0.06,0.99,-0.03,-0.01,-0.0,5.67,3.7
0.1,0.06,0.99,-0.03,0.0,0.0,5.54,3.61
0.1,0.06,0.99,-0.02,-0.01,0.0,5.65,3.57
0.1,0.06,1.0,-0.03,-0.0,-0.0,5.64,3.49
0.1,0.06,0.99,-0.08,-0.05,0.05,5.48,3.7
0.1,0.07,1.0,-0.04,-0.01,0.0,5.48,3.75
0.1,0.06,1.0,-0.04,-0.01,-0.0,5.48,3.67
0.1,0.07,1.0,-0.04,0.0,0.01,5.46,3.76
0.1,0.06,1.0,-0.04,0.03,-0.04,5.55,3.59
0.1,0.06,0.99,-0.06,-0.03,0.03,5.55,3.65
0.1,0.06,0.99,-0.05,0.01,0.0,5.46,3.67
0.09,0.06,0.99,-0.04,0.0,0.01,5.33,3.68
0.1,0.06,0.99,-0.04,0.02,0.0,5.45,3.68
0.1,0.06,0.99,-0.04,-0.01,0.0,5.59,3.47
0.1,0.07,0.99,-0.04,-0.0,0.0,5.5,3.81
0.09,0.06,0.99,-0.02,0.0,0.01,5.32,3.67
0.09,0.07,1.0,-0.06,0.02,-0.02,5.26,3.74
0.1,0.06,1.0,-0.06,-0.01,0.02,5.56,3.69
0.1,0.06,0.99,0.09,0.27,-0.28,5.55,3.7
0.09,0.06,0.99,-0.05,0.0,-0.0,5.41,3.5
0.1,0.07,1.0,-0.02,0.08,-0.08,5.84,3.82
0.1,0.07,0.99,-0.07,-0.01,0.0,5.69,3.83
0.1,0.06,0.99,-0.03,-0.0,0.01,5.56,3.65
0.1,0.06,0.99,-0.04,0.01,0.01,5.56,3.56
0.1,0.06,0.99,-0.06,0.01,-0.01,5.72,3.71
0.1,0.07,1.0,-0.04,-0.01,0.02,5.96,3.72
0.1,0.07,0.99,0.08,0.22,-0.24,5.63,3.84
0.1,0.06,0.99,-0.02,-0.0,0.0,5.85,3.39
0.11,0.07,0.99,-0.04,0.0,0.0,6.04,3.74
0.1,0.05,0.99,-0.04,0.01,0.0,5.68,2.95
0.1,0.06,0.99,0.03,0.13,-0.13,5.89,3.71
0.09,0.06,0.99,-0.03,0.0,0.01,5.19,3.59
0.1,0.06,1.0,0.02,0.15,-0.14,5.43,3.24
0.1,0.07,0.99,-0.06,0.0,0.01,5.62,4.12
0.09,0.06,0.99,0.02,0.13,-0.14,5.44,3.66
0.1,0.06,0.99,-0.03,-0.0,0.01,5.84,3.62
0.1,0.06,0.99,-0.06,0.01,0.0,5.64,3.53
0.09,0.06,0.99,-0.05,0.01,-0.01,5.37,3.28
0.1,0.06,0.99,-0.02,-0.0,-0.01,5.53,3.7
0.1,0.06,1.0,-0.02,-0.0,0.0,5.87,3.45
0.1,0.06,1.0,-0.05,0.0,0.0,5.45,3.61
0.1,0.06,0.99,-0.09,-0.09,0.09,5.53,3.56
0.1,0.07,1.0,-0.06,0.01,0.01,5.42,3.88
0.1,0.06,0.99,0.08,0.25,-0.22,5.49,3.36
0.1,0.06,1.0,-0.05,0.02,-0.0,5.74,3.53
0.1,0.07,0.99,-0.04,0.01,-0.0,5.46,3.78
0.1,0.06,1.0,-0.04,-0.01,0.02,5.53,3.6
0.09,0.06,0.99,-0.04,-0.0,-0.0,5.47,3.56
0.1,0.06,0.99,-0.03,0.0,0.01,5.78,3.52
0.1,0.07,0.99,-0.06,-0.0,0.01,5.51,3.77
0.1,0.07,0.99,-0.03,-0.01,0.01,5.67,3.75
0.1,0.06,1.0,-0.04,-0.0,0.01,5.59,3.54
0.1,0.07,0.99,-0.04,-0.0,0.0,5.64,4.01
0.1,0.06,0.99,-0.05,0.02,-0.0,5.68,3.61
0.1,0.07,0.99,-0.05,-0.02,0.02,5.53,3.81
0.1,0.06,0.99,0.1,0.24,-0.25,5.75,3.64
0.1,0.06,0.99,-0.02,0.0,-0.0,5.62,3.64
0.1,0.06,1.0,-0.03,0.01,0.0,5.6,3.56
0.1,0.06,0.99,-0.04,-0.01,0.0,5.67,3.68
0.09,0.07,1.0,-0.02,0.0,0.0,5.43,3.83
0.1,0.06,1.0,-0.05,0.01,0.0,5.49,3.46
0.1,0.06,1.0,-0.1,-0.11,0.1,5.51,3.38
0.1,0.06,0.99,-0.06,-0.01,0.02,5.51,3.62
0.09,0.06,0.99,-0.04,0.0,-0.01,5.34,3.63
0.1,0.06,0.99,-0.03,-0.01,0.02,5.59,3.67
0.1,0.06,1.0,-0.05,0.01,-0.0,5.49,3.5
0.1,0.06,1.0,-0.04,-0.01,0.0,5.57,3.51
0.1,0.07,1.0,-0.05,-0.0,0.01,5.54,3.77
0.1,0.06,1.0,-0.03,0.01,-0.0,5.51,3.5
0.1,0.06,0.99,-0.04,0.0,0.01,5.68,3.55
0.1,0.06,0.99,-0.02,0.06,-0.05,5.52,3.51
0.1,0.06,1.0,-0.05,-0.01,0.01,5.72,3.54
0.1,0.06,0.99,-0.05,-0.01,0.01,5.77,3.48
0.1,0.06,0.99,-0.06,0.01,0.0,5.61,3.53
0.1,0.06,0.99,-0.05,0.04,-0.05,5.49,3.55
0.1,0.07,0.99,-0.05,-0.01,0.01,5.55,3.79
0.1,0.06,1.0,-0.03,-0.0,0.0,5.63,3.6
0.09,0.06,0.99,-0.03,0.0,0.01,5.39,3.71
0.1,0.07,0.99,-0.03,0.03,-0.03,5.46,3.83
0.1,0.06,0.99,-0.03,-0.02,0.01,5.65,3.73
0.1,0.06,0.99,-0.03,-0.01,0.01,5.57,3.25
0.1,0.06,0.99,-0.04,0.01,0.0,5.5,3.49
0.1,0.07,0.99,-0.04,-0.0,-0.0,5.66,3.77
0.1,0.07,1.0,-0.02,-0.01,0.01,5.56,3.73
0.1,0.07,0.99,-0.03,-0.0,0.01,5.86,3.92
0.09,0.06,0.99,-0.03,-0.0,0.0,5.42,3.74
0.1,0.07,0.98,-0.04,0.03,-0.02,5.9,4.12
0.09,0.06,0.99,-0.05,-0.02,0.02,5.37,3.57
0.1,0.06,0.99,-0.07,-0.0,0.01,5.95,3.69
0.1,0.06,0.99,-0.05,0.01,-0.0,5.5,3.69
0.1,0.06,0.99,-0.04,0.04,-0.04,5.89,3.61
0.09,0.07,0.99,-0.05,-0.01,0.01,5.16,4.02
0.09,0.07,0.99,-0.05,0.03,-0.03,5.45,3.88
0.09,0.06,0.99,-0.03,-0.02,0.02,5.46,3.69
0.1,0.06,1.0,-0.09,0.01,0.01,5.49,3.71
0.1,0.07,1.0,-0.11,-0.04,0.03,5.59,4.03
0.1,0.07,0.99,-0.07,-0.02,0.02,5.47,3.8
0.09,0.07,0.99,-0.06,0.0,0.0,5.29,3.77
0.09,0.06,1.0,-0.03,0.01,0.0,5.34,3.69
0.09,0.06,0.99,-0.05,-0.01,0.01,5.29,3.6
0.1,0.07,0.99,0.09,0.23,-0.24,5.57,3.91
0.1,0.06,0.99,-0.02,0.0,0.0,5.46,3.69
0.09,0.06,1.0,-0.04,0.0,0.0,5.29,3.66
0.1,0.07,0.99,-0.08,-0.04,0.02,5.61,3.87
0.1,0.07,1.0,0.02,0.13,-0.13,5.75,3.93
0.09,0.07,0.99,-0.04,0.0,-0.0,5.4,3.76
0.09,0.06,1.0,-0.04,0.01,0.01,5.27,3.68
0.1,0.07,0.99,-0.05,-0.01,0.01,5.58,3.81
0.1,0.07,1.0,-0.03,-0.01,0.0,5.44,3.78
0.1,0.07,0.99,-0.04,-0.01,0.0,5.59,3.85
0.09,0.06,1.0,-0.02,0.0,0.0,5.35,3.6
0.1,0.06,0.99,0.04,0.16,-0.16,5.5,3.66
0.1,0.07,0.99,-0.04,0.02,0.0,5.54,3.86
0.1,0.06,0.99,0.03,0.15,-0.15,5.59,3.59
0.1,0.06,0.99,-0.05,0.01,0.01,5.6,3.63
0.1,0.07,0.99,-0.05,0.02,-0.02,5.58,3.97
0.09,0.07,0.99,-0.03,-0.01,0.01,5.43,3.84
0.1,0.06,1.0,0.04,0.15,-0.13,5.48,3.68
0.1,0.06,0.99,-0.04,0.01,0.0,5.58,3.52
0.1,0.06,0.99,-0.06,0.01,0.0,5.54,3.64
0.09,0.06,0.99,-0.04,-0.01,0.02,5.34,3.55
0.09,0.07,1.0,-0.04,0.01,0.0,5.3,3.72
0.09,0.06,0.99,0.02,0.14,-0.15,5.41,3.67
0.1,0.06,1.0,-0.1,-0.03,0.05,5.54,3.57
0.1,0.06,1.0,-0.07,-0.01,0.01,5.54,3.66
0.1,0.07,0.99,-0.06,0.01,-0.0,5.5,3.81
0.1,0.07,1.0,-0.03,0.0,0.0,5.44,3.84
0.09,0.06,1.0,-0.02,0.01,0.01,5.4,3.7
0.09,0.06,0.99,-0.04,-0.01,0.0,5.43,3.72
0.09,0.06,0.99,-0.03,0.0,-0.0,5.41,3.64
0.09,0.06,0.99,-0.03,-0.0,0.0,5.38,3.38
0.1,0.07,1.0,-0.03,0.0,0.0,5.61,3.82
0.09,0.07,0.99,-0.03,-0.0,0.01,5.29,3.8
0.09,0.06,0.99,-0.03,0.0,0.01,5.46,3.66
0.09,0.07,0.99,-0.04,0.01,-0.0,5.4,3.82
0.1,0.06,0.99,-0.03,0.0,-0.0,5.51,3.58
0.09,0.06,0.99,-0.04,-0.0,0.01,5.45,3.58
0.09,0.07,0.99,-0.03,0.0,-0.01,5.39,3.84
0.1,0.07,0.99,-0.03,-0.0,0.0,5.55,3.78
0.09,0.06,0.99,-0.03,0.01,-0.0,5.29,3.38
0.09,0.07,1.0,-0.02,0.0,0.0,5.21,3.97
0.1,0.07,0.99,-0.03,-0.01,0.01,5.5,3.85
0.09,0.07,1.0,-0.02,-0.0,-0.0,5.37,3.79
0.09,0.06,0.99,-0.03,-0.0,0.01,5.06,3.64
0.1,0.07,1.0,-0.06,0.03,-0.03,5.48,4.03
0.09,0.06,1.0,-0.05,-0.01,0.01,5.06,3.65
0.1,0.07,0.99,-0.06,0.0,0.01,5.56,3.8
0.09,0.07,1.0,-0.04,0.01,0.0,5.1,3.79
0.1,0.06,0.99,-0.03,0.06,-0.07,5.56,3.21
0.09,0.06,0.99,-0.05,-0.02,0.01,5.17,3.74
0.09,0.06,0.99,-0.05,0.0,-0.0,5.23,3.56
0.1,0.07,1.0,0.03,0.13,-0.14,5.71,3.76
0.09,0.06,0.99,-0.04,0.01,-0.0,5.19,3.33
0.1,0.07,0.99,-0.03,-0.01,0.01,5.59,3.81
0.1,0.06,1.0,-0.03,-0.01,0.0,5.48,3.71
0.1,0.07,0.99,-0.04,0.01,0.0,5.77,3.88
0.09,0.06,1.0,-0.03,0.0,0.0,5.41,3.66
0.09,0.07,1.0,-0.04,-0.01,0.01,5.35,4.01
0.09,0.06,0.99,-0.04,-0.0,0.0,5.3,3.63
0.09,0.07,0.99,-0.03,0.0,0.0,5.23,3.98
0.09,0.07,0.99,-0.02,0.01,-0.0,5.36,3.87
0.1,0.06,0.99,-0.02,-0.0,0.01,5.62,3.71
0.09,0.06,1.0,-0.02,0.05,-0.05,5.34,3.65
0.09,0.06,1.0,-0.06,-0.0,0.01,5.16,3.51
0.1,0.06,1.0,-0.04,0.02,-0.01,5.51,3.57
0.09,0.06,0.99,-0.05,-0.01,0.01,5.38,3.65
0.1,0.07,0.99,-0.05,-0.0,0.0,5.53,3.76
0.09,0.07,0.99,-0.04,-0.0,0.01,5.29,3.79
0.09,0.06,0.99,-0.03,0.01,-0.0,5.27,3.47
0.09,0.06,1.0,-0.03,-0.01,0.0,5.39,3.67
0.09,0.06,0.99,0.02,0.14,-0.14,5.2,3.65
0.09,0.07,1.0,-0.04,0.01,0.0,5.22,3.81
0.09,0.06,1.0,-0.04,-0.0,0.0,5.27,3.7
0.09,0.07,0.99,-0.06,-0.02,0.02,5.44,3.78
0.09,0.06,1.0,0.08,0.22,-0.24,5.39,3.67
0.09,0.06,1.0,-0.05,0.0,0.01,5.34,3.47
0.09,0.06,0.99,-0.04,0.0,-0.0,5.32,3.64
0.09,0.06,1.0,-0.04,0.05,-0.06,5.33,3.67
0.1,0.06,1.0,0.02,0.15,-0.15,5.47,3.7
0.09,0.07,1.0,-0.05,-0.0,0.0,5.37,3.74
0.1,0.07,0.99,-0.04,-0.0,0.0,5.45,3.89
0.1,0.07,0.99,-0.03,-0.0,0.01,5.62,3.79
0.09,0.07,0.99,-0.04,0.01,-0.0,5.45,3.85
0.1,0.07,0.99,-0.03,-0.01,0.0,5.56,3.85
0.1,0.06,1.0,-0.03,0.01,0.0,5.58,3.51
0.09,0.07,0.99,-0.06,-0.0,0.0,5.41,3.85
0.1,0.06,0.99,-0.03,-0.02,0.02,5.48,3.69
0.1,0.07,0.99,0.08,0.22,-0.22,5.53,3.78
0.1,0.07,1.0,-0.05,0.01,0.01,5.44,3.74
0.1,0.06,1.0,-0.04,0.01,-0.0,5.63,3.7
0.1,0.06,1.01,-0.02,-0.0,-0.0,5.74,3.11
0.09,0.06,1.0,-0.05,-0.0,0.0,5.4,3.7
0.1,0.06,0.99,0.02,0.15,-0.15,5.57,3.68
0.1,0.07,0.99,-0.04,0.02,-0.01,5.55,3.77
0.09,0.06,0.99,-0.02,-0.01,0.0,5.32,3.69
0.1,0.07,1.0,0.03,0.15,-0.16,5.43,3.8
0.1,0.07,1.0,-0.04,0.0,0.0,5.48,3.81
0.09,0.06,1.0,-0.03,0.01,0.0,5.28,3.53
0.09,0.07,1.0,-0.04,-0.01,0.0,5.36,3.74
0.1,0.07,0.99,0.02,0.14,-0.13,5.78,3.89
0.1,0.06,0.99,-0.03,0.02,-0.0,5.5,3.6
0.1,0.07,0.99,0.08,0.19,-0.18,5.69,3.77
0.1,0.07,0.99,-0.04,0.01,0.01,5.56,4.13
0.1,0.07,1.0,0.04,0.15,-0.14,5.89,4.15
0.08,0.07,1.0,-0.04,0.0,0.0,4.68,3.86
0.1,0.07,0.99,-0.03,0.0,-0.0,5.48,3.83
0.09,0.06,0.98,-0.03,-0.01,-0.0,5.47,3.6
0.1,0.06,1.0,-0.03,-0.01,0.0,5.87,3.41
0.1,0.06,0.98,-0.05,0.01,0.01,5.54,3.45
0.09,0.06,0.99,-0.06,0.01,0.0,5.37,3.49
0.1,0.06,0.99,-0.0,0.08,-0.07,5.61,3.57
0.1,0.07,0.99,-0.06,0.01,0.01,5.81,3.8
0.1,0.07,0.99,-0.03,-0.01,0.01,5.66,3.78
0.09,0.06,0.99,-0.03,0.01,0.01,5.39,3.38
0.09,0.06,0.99,-0.03,-0.0,0.0,5.32,3.66
0.09,0.06,0.99,-0.03,-0.01,0.01,5.31,3.7
0.09,0.06,0.99,-0.03,-0.0,0.01,5.47,3.7
0.1,0.06,1.0,-0.02,-0.0,0.02,5.66,3.37
0.1,0.07,1.0,-0.04,0.04,-0.05,5.43,3.72
0.1,0.07,0.99,-0.04,-0.01,0.01,5.46,3.77
0.1,0.06,0.99,-0.02,-0.01,0.01,5.62,3.64
0.09,0.06,0.99,0.03,0.15,-0.14,5.38,3.47
0.1,0.06,1.0,-0.04,0.0,0.01,5.53,3.59
0.09,0.06,0.99,-0.03,-0.01,0.01,5.29,3.4
0.09,0.06,0.99,-0.03,0.0,0.0,5.4,3.7
0.09,0.06,0.99,-0.02,-0.01,0.01,5.27,3.55
0.09,0.06,1.0,-0.03,0.03,-0.04,5.42,3.49
0.1,0.06,1.0,-0.05,-0.02,0.01,5.51,3.51
0.09,0.06,0.99,-0.06,-0.0,-0.0,5.38,3.45
0.1,0.06,1.0,-0.03,0.0,-0.0,5.45,3.66
0.1,0.06,0.99,-0.03,0.01,0.0,5.64,3.41
0.1,0.06,0.99,-0.08,-0.07,0.06,5.47,3.61
0.09,0.06,0.99,-0.06,-0.02,0.01,5.39,3.64
0.09,0.06,1.0,-0.05,0.01,0.0,5.41,3.61
0.09,0.06,0.99,-0.08,-0.02,0.04,5.25,3.65
0.09,0.06,1.0,-0.07,-0.01,0.01,5.13,3.53
0.1,0.06,1.0,0.06,0.22,-0.19,5.43,3.67
0.1,0.06,0.99,-0.03,0.0,-0.0,5.66,3.66
0.09,0.06,1.0,-0.03,0.01,-0.0,5.4,3.57
0.1,0.06,0.99,-0.05,0.03,-0.02,5.6,3.64
0.1,0.06,1.0,0.09,0.22,-0.24,5.55,3.44
0.1,0.06,0.99,0.03,0.13,-0.14,5.58,3.71
0.09,0.06,0.99,-0.02,-0.0,-0.0,5.46,3.53
0.09,0.06,0.99,-0.01,0.04,-0.06,5.36,3.69
0.1,0.06,0.99,0.04,0.14,-0.16,5.76,3.47
0.1,0.06,0.99,-0.02,0.0,0.0,5.62,3.47
0.1,0.06,0.99,-0.03,0.01,0.0,5.48,3.48
0.1,0.06,0.99,-0.05,0.05,-0.04,5.66,3.39
0.1,0.06,0.99,0.02,0.13,-0.13,5.56,3.25
0.1,0.06,0.99,-0.04,-0.0,0.0,5.51,3.54
0.1,0.05,0.99,-0.03,0.01,-0.0,5.84,3.1
0.1,0.06,1.0,0.06,0.19,-0.18,5.65,3.48
0.1,0.06,0.99,-0.1,-0.0,0.02,5.7,3.49
0.1,0.06,0.99,0.1,0.25,-0.25,5.8,3.64
0.1,0.06,0.99,-0.04,0.02,0.0,5.62,3.37
0.1,0.06,0.99,-0.05,0.05,-0.05,5.54,3.43
0.11,0.05,0.99,0.03,0.13,-0.16,6.22,2.94
0.09,0.05,0.99,0.03,0.15,-0.14,5.25,3.05
0.09,0.05,1.0,-0.04,0.01,0.0,5.37,3.07
0.1,0.05,1.0,-0.07,-0.02,0.03,5.77,2.84
0.1,0.06,1.0,-0.05,-0.01,0.01,5.74,3.49
0.1,0.07,0.99,-0.05,0.01,0.01,5.97,3.88
0.1,0.05,0.99,0.06,0.21,-0.19,5.67,3.16
0.1,0.06,1.0,-0.07,0.02,-0.0,5.92,3.35
0.1,0.06,1.0,-0.04,-0.02,0.01,5.49,3.37
0.1,0.05,0.99,0.01,0.15,-0.14,5.8,3.06
0.1,0.05,0.99,-0.04,0.01,-0.0,5.61,2.81
0.1,0.06,1.0,-0.02,0.01,0.0,5.97,3.17
0.1,0.06,0.99,-0.05,-0.02,0.01,5.65,3.47
0.1,0.05,0.99,0.04,0.14,-0.13,5.86,2.92
0.1,0.06,0.99,-0.05,0.01,0.0,5.73,3.33
0.1,0.06,0.99,-0.1,-0.09,0.09,5.71,3.33
0.1,0.06,0.99,-0.07,-0.0,0.02,5.55,3.48
0.1,0.06,0.99,0.02,0.16,-0.14,5.85,3.32
0.1,0.06,0.99,-0.03,0.01,0.0,5.8,3.33
0.1,0.06,0.99,-0.04,0.0,0.01,5.79,3.4
0.1,0.05,0.99,-0.05,0.02,-0.01,5.84,2.96
0.1,0.06,0.99,0.01,0.13,-0.13,5.87,3.35
0.1,0.05,0.99,-0.03,-0.0,0.01,5.81,3.04
0.1,0.06,0.99,-0.03,0.01,0.01,6.03,3.23
0.1,0.06,0.99,0.0,0.12,-0.11,5.78,3.43
0.1,0.06,0.99,-0.05,0.01,0.0,5.66,3.28
0.1,0.06,0.99,-0.03,-0.01,0.0,5.9,3.27
0.1,0.05,0.99,-0.03,0.0,0.01,5.81,3.14
0.1,0.06,1.0,-0.05,0.01,0.0,5.83,3.36
0.1,0.06,0.99,0.02,0.13,-0.13,5.51,3.29
0.11,0.06,0.99,-0.05,0.0,0.0,6.11,3.18
0.1,0.06,0.99,-0.05,0.01,0.01,5.92,3.3
0.1,0.06,1.0,-0.03,0.03,-0.05,5.77,3.34
0.1,0.05,0.99,-0.04,-0.01,0.01,5.8,3.12
0.1,0.06,0.99,-0.04,0.0,0.0,5.79,3.16
0.1,0.05,0.99,-0.04,0.0,0.01,5.93,3.14
0.1,0.06,0.99,-0.06,0.02,0.0,5.78,3.32
0.1,0.06,0.99,-0.04,-0.02,0.0,5.78,3.29
0.1,0.06,0.99,-0.03,-0.0,0.0,5.81,3.27
0.1,0.06,0.99,-0.03,-0.0,0.0,5.8,3.36
0.1,0.05,0.99,-0.03,-0.0,-0.0,5.59,3.12
0.1,0.05,1.0,-0.03,-0.01,0.01,5.52,3.14
0.1,0.06,0.99,0.09,0.27,-0.27,5.9,3.27
0.1,0.06,0.99,-0.03,0.01,-0.0,5.99,3.33
0.1,0.06,0.99,-0.02,0.08,-0.07,5.63,3.22
0.1,0.06,0.99,-0.05,0.01,0.01,5.56,3.28
0.09,0.06,0.99,-0.05,0.01,-0.01,5.41,3.23
0.1,0.06,0.99,-0.07,-0.0,0.01,5.85,3.25
0.1,0.05,1.0,-0.06,0.02,-0.0,5.89,3.13
0.1,0.05,0.99,-0.05,0.01,-0.0,5.68,3.14
0.1,0.05,0.99,-0.05,-0.01,0.01,5.73,3.07
0.1,0.06,0.99,-0.04,-0.01,0.0,5.68,3.43
0.1,0.05,0.99,-0.03,0.01,-0.0,5.84,3.13
0.1,0.06,1.0,-0.03,0.01,0.01,5.84,3.18
0.1,0.06,1.0,0.03,0.15,-0.16,5.62,3.15
0.1,0.05,0.99,-0.07,0.02,-0.0,5.94,3.02
0.1,0.06,0.99,-0.05,0.0,0.01,5.98,3.27
0.1,0.06,0.98,-0.05,-0.01,0.02,5.94,3.46
0.11,0.06,1.0,0.04,0.14,-0.16,6.19,3.16
0.1,0.06,1.0,-0.06,0.0,0.0,5.93,3.48
0.1,0.06,1.0,-0.02,0.01,-0.0,5.61,3.67
0.1,0.05,1.01,-0.06,-0.01,0.01,5.91,2.77
0.11,0.06,1.0,0.04,0.19,-0.19,6.01,3.45
0.11,0.05,0.99,0.09,0.22,-0.21,6.19,2.75
0.11,0.06,1.0,-0.05,0.01,-0.0,6.14,3.25
0.11,0.06,1.0,-0.1,-0.11,0.11,6.25,3.25
0.11,0.05,1.0,-0.12,-0.07,0.08,6.13,3.09
0.11,0.05,1.0,-0.02,0.11,-0.12,6.03,2.99
0.1,0.06,1.0,-0.05,0.02,0.0,5.67,3.23
0.11,0.06,0.99,-0.04,0.04,-0.03,6.12,3.2
0.1,0.06,0.99,-0.04,-0.01,0.01,5.86,3.2
0.1,0.06,1.0,0.02,0.15,-0.14,5.65,3.35
0.11,0.05,0.99,-0.05,0.01,-0.0,6.25,3.02
0.1,0.05,0.99,-0.07,-0.0,-0.0,5.69,2.88
0.1,0.06,0.99,-0.02,-0.01,0.01,5.82,3.39
0.1,0.06,0.99,-0.03,0.0,0.0,5.84,3.28
0.1,0.05,0.99,0.03,0.15,-0.16,5.86,2.95
0.1,0.05,1.0,-0.05,0.02,-0.01,5.76,3.13
0.1,0.06,0.99,-0.04,-0.01,0.0,5.9,3.17
0.1,0.05,0.99,0.02,0.16,-0.16,6.0,3.14
0.1,0.05,0.99,-0.04,0.0,0.0,5.96,3.05
0.1,0.06,0.99,-0.03,0.01,-0.0,6.04,3.18
0.1,0.05,1.0,-0.03,-0.01,0.0,6.0,3.12
0.1,0.06,0.99,0.01,0.14,-0.14,5.88,3.3
0.1,0.05,0.99,-0.02,0.01,-0.01,5.85,2.84
0.1,0.06,0.99,0.07,0.19,-0.18,6.0,3.16
0.1,0.05,1.0,-0.04,0.01,-0.0,5.97,2.98
0.11,0.06,0.99,0.01,0.13,-0.14,6.09,3.31
0.11,0.05,0.99,-0.03,-0.01,0.0,6.07,2.98
0.1,0.05,0.99,-0.03,0.01,0.01,5.91,2.85
0.1,0.05,0.99,-0.04,-0.01,0.0,6.03,3.08
0.1,0.06,0.99,-0.04,-0.0,-0.0,5.59,3.27
0.11,0.05,0.99,-0.05,0.01,0.0,6.04,3.07
0.11,0.05,0.98,-0.04,0.0,0.0,6.15,2.97
0.1,0.05,0.99,0.01,0.15,-0.15,5.81,3.13
0.1,0.06,0.99,-0.06,-0.01,0.02,6.0,3.27
0.11,0.05,0.99,-0.03,0.0,0.0,6.02,3.0
0.11,0.05,0.99,-0.04,0.01,0.01,6.03,3.03
0.1,0.05,0.99,-0.04,-0.0,0.0,5.99,3.17
0.11,0.05,0.99,-0.04,-0.01,0.01,6.13,3.11
0.1,0.05,1.0,-0.03,0.01,0.0,5.89,3.13
0.11,0.06,0.99,-0.04,0.0,-0.0,6.04,3.18
0.1,0.05,0.99,-0.07,-0.02,0.02,6.04,3.01
0.1,0.06,0.99,-0.06,-0.0,0.01,5.89,3.16
0.1,0.05,1.0,-0.04,0.0,0.01,5.79,2.62
0.1,0.05,1.0,-0.08,-0.08,0.07,5.89,2.9
0.1,0.06,0.99,-0.06,-0.01,0.02,5.9,3.23
0.1,0.06,0.99,-0.05,-0.0,0.0,5.87,3.24
0.1,0.06,0.99,-0.04,0.0,0.01,6.0,3.19
0.11,0.05,0.99,-0.04,-0.01,0.01,6.13,3.11
0.1,0.06,0.99,-0.06,-0.0,-0.0,5.88,3.25
0.1,0.06,0.99,-0.04,-0.02,0.02,5.89,3.35
0.1,0.05,0.99,-0.04,-0.0,0.01,6.02,3.07
0.1,0.05,0.99,-0.05,0.01,0.0,5.5,3.02
0.1,0.06,0.99,-0.04,0.05,-0.03,5.83,3.21
0.1,0.06,0.99,-0.1,-0.08,0.06,5.56,3.31
0.11,0.06,0.99,-0.06,0.02,-0.01,6.07,3.36
0.1,0.06,1.0,-0.05,-0.01,0.02,5.77,3.19
0.11,0.06,0.99,-0.06,0.03,-0.01,6.2,3.22
0.11,0.06,0.99,-0.03,0.08,-0.07,6.24,3.36
0.1,0.06,1.0,0.02,0.14,-0.13,5.74,3.27
0.11,0.06,0.99,-0.04,0.01,0.0,6.12,3.26
0.11,0.06,0.98,-0.08,-0.01,0.01,6.12,3.25
0.1,0.05,0.99,-0.07,0.01,-0.02,5.89,2.87
0.1,0.05,0.99,0.08,0.21,-0.22,6.01,3.09
0.1,0.05,0.99,-0.05,0.01,0.01,5.66,2.98
0.1,0.06,0.99,-0.03,0.0,0.0,5.75,3.29
0.11,0.06,1.0,-0.06,0.01,-0.02,6.31,3.37
0.1,0.06,0.99,0.02,0.13,-0.14,5.75,3.24
0.1,0.05,0.99,-0.04,0.01,-0.0,5.83,2.97
0.1,0.05,0.99,-0.04,0.01,0.0,5.95,3.16
0.1,0.06,0.99,-0.07,0.0,-0.01,5.82,3.46
0.11,0.05,1.0,0.04,0.14,-0.13,6.01,2.99
0.11,0.05,1.0,-0.04,0.0,0.01,6.09,3.05
0.1,0.06,0.99,-0.04,0.01,-0.0,5.9,3.26
0.1,0.06,0.99,-0.03,-0.01,0.01,5.85,3.17
0.1,0.06,1.0,-0.04,0.02,-0.02,5.9,3.27
0.11,0.05,1.0,-0.06,-0.01,0.01,6.07,3.08
0.11,0.06,0.99,-0.06,0.01,0.01,6.14,3.43
0.1,0.06,1.0,-0.08,0.04,-0.01,5.89,3.24
0.1,0.06,0.99,-0.06,-0.0,0.01,5.89,3.46
0.1,0.06,1.0,-0.04,-0.0,0.0,5.92,3.19
0.1,0.06,0.99,-0.04,0.01,0.01,5.91,3.34
0.1,0.06,1.0,-0.06,-0.01,0.01,5.96,3.18
0.1,0.05,1.0,0.03,0.14,-0.13,5.88,3.06
0.1,0.05,1.0,-0.05,0.01,0.01,5.87,3.08
0.1,0.06,0.99,-0.06,0.0,0.0,5.92,3.18
0.11,0.06,1.0,-0.06,0.03,-0.02,6.02,3.19
0.11,0.06,0.99,-0.06,-0.01,0.01,6.13,3.34
0.1,0.06,1.0,0.03,0.13,-0.12,5.94,3.15
0.11,0.06,0.99,-0.05,0.01,0.0,6.05,3.29
0.1,0.05,0.99,-0.04,0.01,-0.0,5.79,3.09
0.1,0.06,0.99,-0.03,-0.01,0.01,5.97,3.58
0.1,0.06,0.99,0.1,0.23,-0.24,5.9,3.26
0.11,0.05,1.0,-0.03,0.01,0.01,6.04,3.12
0.1,0.05,1.0,0.03,0.16,-0.15,5.97,2.99
0.1,0.05,0.99,-0.05,0.01,-0.0,5.89,3.09
0.1,0.05,0.99,0.02,0.14,-0.14,6.04,3.09
0.1,0.05,1.0,-0.04,0.01,-0.0,5.8,3.06
0.1,0.05,1.0,-0.04,0.01,-0.0,5.99,3.01
0.1,0.05,0.99,-0.05,-0.01,0.0,5.94,2.87
0.1,0.05,0.99,-0.04,-0.0,0.01,5.93,3.12
0.1,0.06,1.0,-0.03,0.0,0.0,5.96,3.24
0.1,0.05,0.99,-0.04,0.01,-0.0,6.0,3.02
0.11,0.06,1.0,-0.03,-0.01,0.01,6.29,3.46
0.11,0.05,0.99,-0.04,0.0,0.01,6.06,3.15
0.1,0.05,1.0,-0.03,-0.0,-0.0,5.86,3.14
0.1,0.05,0.99,-0.04,0.0,0.01,5.96,3.14
0.1,0.06,0.99,-0.05,0.03,-0.03,5.93,3.16
0.1,0.05,0.99,-0.05,-0.02,0.01,5.96,3.14
0.11,0.05,0.99,-0.04,-0.0,-0.0,6.16,2.87
0.1,0.06,0.99,-0.04,0.01,0.01,5.88,3.35
0.1,0.05,0.98,-0.04,0.05,-0.06,5.91,2.82
0.11,0.05,0.99,-0.03,-0.01,0.02,6.16,3.11
0.1,0.05,0.99,-0.05,0.01,-0.0,5.92,3.08
0.11,0.05,0.99,-0.04,0.01,-0.0,6.09,3.01
0.09,0.06,0.99,-0.03,0.01,-0.0,5.25,3.48
0.1,0.06,1.0,-0.03,-0.0,0.0,5.83,3.22
0.11,0.05,0.99,-0.04,-0.0,0.01,6.13,3.14
0.1,0.06,0.99,-0.03,0.01,0.01,5.92,3.22
0.1,0.06,0.99,-0.04,0.03,-0.05,6.02,3.42
0.11,0.05,1.0,-0.04,-0.02,0.02,6.15,3.14
0.1,0.05,1.0,-0.07,0.0,0.0,5.72,2.97
0.11,0.05,0.99,-0.03,-0.0,-0.0,6.03,3.13
0.1,0.06,0.99,-0.03,0.06,-0.06,5.92,3.29
0.11,0.06,0.99,-0.04,-0.01,0.01,6.11,3.17
0.11,0.06,1.0,-0.03,-0.0,0.01,6.08,3.16
0.11,0.06,0.99,-0.05,0.01,0.0,6.23,3.56
0.11,0.06,0.99,-0.06,-0.01,0.02,6.04,3.27
0.1,0.06,0.99,-0.06,-0.01,0.01,5.97,3.24
0.11,0.06,0.99,-0.06,0.01,-0.0,6.19,3.33
0.11,0.05,1.0,-0.04,-0.0,0.0,6.11,2.98
0.1,0.06,0.99,-0.04,0.01,-0.0,5.92,3.36
0.1,0.05,0.99,-0.02,-0.0,0.0,5.83,3.03
0.1,0.06,0.99,0.02,0.12,-0.11,5.85,3.45
0.1,0.06,0.99,-0.03,0.01,-0.01,5.89,3.34
0.1,0.06,0.99,-0.05,-0.0,0.01,5.76,3.29
0.1,0.06,0.99,-0.04,0.02,-0.01,5.93,3.36
0.11,0.06,0.99,0.08,0.22,-0.23,6.11,3.19
0.11,0.05,1.0,-0.04,0.0,0.0,6.12,3.1
0.1,0.06,0.99,-0.04,0.01,-0.0,5.99,3.28
0.11,0.06,0.99,-0.04,0.05,-0.05,6.2,3.34
0.11,0.05,0.99,0.03,0.12,-0.13,6.07,3.13
0.1,0.06,1.0,-0.04,-0.0,0.0,5.9,3.22
0.1,0.05,0.99,-0.04,0.01,0.01,6.03,3.09
0.1,0.06,0.99,-0.09,-0.09,0.09,5.92,3.33
0.1,0.05,1.0,-0.06,-0.0,0.02,5.94,3.09
0.11,0.06,0.99,-0.06,-0.0,0.0,6.14,3.37
0.1,0.06,0.99,-0.03,0.01,-0.01,5.73,3.28
0.1,0.06,0.99,-0.07,-0.01,0.02,5.87,3.3
0.11,0.05,0.99,0.01,0.14,-0.14,6.15,3.1
0.11,0.06,1.0,0.06,0.2,-0.19,6.11,3.17
0.1,0.06,0.99,-0.04,0.0,0.01,5.9,3.41
0.1,0.06,0.99,-0.07,0.01,-0.01,5.74,3.42
0.1,0.06,0.99,-0.05,-0.01,0.01,6.04,3.34
0.11,0.05,0.99,-0.05,-0.0,0.0,6.15,3.17
0.1,0.05,0.99,0.03,0.16,-0.16,6.0,3.15
0.11,0.06,0.99,-0.04,0.02,-0.0,6.16,3.43
0.1,0.05,0.99,-0.02,-0.01,0.01,5.89,3.06
0.1,0.05,0.99,-0.03,0.01,-0.01,5.83,3.06
0.1,0.06,0.99,-0.05,0.0,0.01,6.0,3.27
0.11,0.06,1.0,-0.04,0.01,0.0,6.06,3.34
0.1,0.06,1.0,-0.03,-0.0,0.0,5.9,3.19
0.1,0.06,0.99,0.02,0.14,-0.14,5.87,3.22
0.11,0.06,0.99,-0.04,0.01,0.0,6.16,3.73
0.1,0.05,0.99,-0.03,-0.01,-0.01,6.03,3.14
0.1,0.06,0.99,-0.03,0.01,-0.0,5.97,3.17
0.1,0.05,1.0,0.03,0.15,-0.16,5.9,3.13
0.11,0.06,0.99,-0.05,0.0,-0.01,6.49,3.61
0.1,0.05,1.0,-0.04,0.01,-0.0,5.71,2.8
0.11,0.06,0.99,-0.04,-0.02,0.01,6.18,3.27
0.11,0.06,0.99,0.04,0.14,-0.16,6.22,3.19
0.1,0.05,1.0,-0.03,0.01,0.0,5.95,2.98
0.1,0.05,0.99,-0.04,0.01,0.0,5.98,3.14
0.1,0.06,0.99,-0.03,-0.0,0.01,5.73,3.18
0.1,0.06,0.99,-0.05,-0.01,0.0,5.91,3.51
0.11,0.06,0.98,-0.03,-0.01,0.01,6.38,3.22
0.11,0.06,0.99,-0.04,0.01,0.01,6.1,3.38
0.11,0.06,0.99,-0.03,-0.01,-0.0,6.59,3.23
0.1,0.06,0.99,-0.04,-0.01,0.0,5.81,3.17
0.1,0.06,0.99,-0.03,0.0,0.01,5.84,3.38
0.1,0.06,0.99,-0.02,0.0,0.0,5.87,3.44
0.1,0.05,0.98,-0.04,0.01,-0.0,5.81,3.18
0.1,0.06,0.99,-0.05,-0.01,0.01,5.62,3.36
0.11,0.05,0.99,-0.05,0.01,-0.0,6.07,2.97
0.1,0.05,0.99,-0.05,0.0,0.0,5.82,2.99
0.1,0.06,0.99,-0.04,-0.01,0.0,5.99,3.19
0.11,0.06,1.0,-0.03,-0.01,0.01,6.13,3.45
0.1,0.06,1.0,-0.03,-0.0,0.0,5.83,3.21
0.1,0.06,1.0,-0.04,-0.0,0.01,5.9,3.22
0.1,0.05,0.99,-0.05,0.03,-0.03,5.91,3.06
0.1,0.06,0.99,-0.05,-0.02,0.01,5.7,3.22
0.1,0.06,0.99,-0.06,0.0,0.01,5.97,3.45
0.1,0.05,1.0,-0.03,0.0,0.0,5.96,3.1
0.1,0.06,0.99,-0.04,0.06,-0.05,5.93,3.38
0.1,0.06,0.99,-0.04,-0.01,0.01,5.77,3.17
0.11,0.05,0.99,-0.05,-0.01,0.01,6.07,3.03
0.1,0.06,1.0,-0.05,0.0,-0.0,5.99,3.2
0.1,0.06,0.99,-0.06,-0.01,0.01,5.67,3.45
0.1,0.05,0.99,-0.07,0.02,-0.01,5.88,3.16
0.1,0.06,1.0,0.01,0.12,-0.12,5.83,3.31
0.11,0.06,0.99,-0.04,0.01,0.0,6.12,3.31
0.1,0.06,0.99,-0.03,0.0,-0.0,5.92,3.4
0.1,0.06,0.99,-0.03,0.0,0.01,5.84,3.29
0.1,0.05,0.99,0.04,0.14,-0.15,5.65,3.15
0.1,0.05,0.99,-0.04,0.01,0.0,5.69,3.04
0.1,0.05,0.99,-0.03,0.0,0.0,5.95,3.11
0.1,0.05,0.99,-0.03,0.03,-0.05,5.96,3.15
0.1,0.06,0.99,-0.05,-0.0,-0.0,5.94,3.25
0.1,0.06,0.99,-0.03,0.0,-0.0,5.88,3.43
0.1,0.05,0.99,-0.02,-0.0,-0.0,5.82,3.06
0.1,0.06,1.0,-0.04,-0.01,0.01,5.61,3.14
0.1,0.06,0.99,-0.07,-0.01,0.0,5.79,3.3
0.1,0.06,0.99,-0.03,-0.01,0.01,5.92,3.26
0.1,0.06,1.0,-0.03,0.0,-0.0,6.0,3.55
0.1,0.06,0.99,-0.02,-0.01,-0.0,5.88,3.3
0.1,0.06,0.99,-0.04,0.01,-0.01,6.01,3.21
0.1,0.06,0.99,-0.05,-0.02,0.02,5.92,3.34
0.1,0.05,0.99,-0.04,0.01,0.01,5.81,3.04
0.1,0.06,1.0,-0.05,0.02,-0.02,5.9,3.21
0.1,0.06,0.99,0.03,0.14,-0.16,5.91,3.31
0.1,0.06,1.0,-0.04,-0.01,-0.0,5.87,3.65
0.11,0.06,0.99,-0.03,-0.0,0.01,6.1,3.42
0.11,0.06,0.99,-0.05,0.01,0.0,6.07,3.47
0.1,0.06,0.99,-0.03,-0.02,0.02,5.81,3.34
0.1,0.05,0.99,-0.04,0.02,-0.01,6.03,3.15
0.11,0.06,0.99,0.01,0.15,-0.14,6.54,3.21
0.11,0.06,0.99,-0.04,0.01,0.0,6.4,3.48
0.1,0.06,0.99,-0.03,-0.0,-0.01,5.61,3.62
0.11,0.06,0.99,0.02,0.13,-0.12,6.14,3.22
0.1,0.06,0.99,-0.04,0.01,0.0,5.73,3.29
0.11,0.05,0.99,-0.05,0.01,0.01,6.13,3.1
0.1,0.05,0.99,-0.05,-0.02,0.02,5.98,2.96
0.11,0.05,1.0,0.08,0.21,-0.24,6.45,3.05
0.1,0.05,0.99,-0.04,0.01,0.0,5.98,3.04
0.11,0.05,0.99,0.02,0.15,-0.16,6.55,3.01
0.1,0.05,1.0,-0.05,0.01,-0.0,5.72,3.08
0.1,0.05,0.99,0.03,0.15,-0.15,5.94,3.14
0.1,0.06,0.99,-0.06,0.02,0.0,5.84,3.26
0.09,0.05,0.98,-0.04,0.01,0.0,5.44,3.12
0.1,0.05,0.99,-0.04,0.04,-0.04,6.01,3.13
0.11,0.05,0.99,-0.06,-0.02,0.02,6.19,3.12
0.1,0.05,0.99,-0.06,0.01,0.01,5.95,3.13
0.1,0.06,0.99,-0.03,0.01,0.0,5.84,3.18
0.11,0.06,0.99,-0.03,-0.01,0.01,6.09,3.36
0.1,0.05,1.0,-0.03,-0.0,0.0,5.74,3.07
0.1,0.05,0.99,-0.04,0.0,0.0,5.85,3.13
0.1,0.06,1.0,-0.03,-0.0,0.0,5.88,3.21
0.1,0.06,1.0,-0.06,-0.02,0.03,5.99,3.17
0.11,0.05,1.0,0.03,0.14,-0.15,6.03,3.05
0.11,0.05,1.0,-0.05,0.01,0.01,6.02,3.04
0.11,0.06,1.0,-0.04,0.01,0.01,6.07,3.21
0.11,0.05,0.99,-0.03,-0.01,0.0,6.06,3.02
0.1,0.05,0.99,-0.03,-0.02,0.01,5.64,2.97
0.1,0.05,0.99,-0.03,0.0,-0.0,5.83,3.13
0.11,0.06,1.0,0.05,0.15,-0.16,6.07,3.29
0.1,0.05,0.99,-0.03,0.01,-0.01,6.0,3.07
0.1,0.05,1.0,-0.03,-0.01,0.0,5.87,2.98
0.1,0.06,0.99,-0.04,-0.0,0.01,5.77,3.28
0.1,0.06,1.0,-0.04,0.0,0.0,5.9,3.34
0.11,0.06,0.99,-0.08,-0.04,0.04,6.21,3.19
0.11,0.05,0.99,-0.05,-0.02,0.02,6.07,3.15
0.1,0.05,0.99,-0.05,0.0,0.01,6.0,3.01
0.1,0.06,1.0,-0.05,0.0,0.0,6.0,3.27
0.1,0.05,0.99,-0.03,0.03,-0.03,5.93,3.16
0.1,0.05,0.99,-0.05,-0.02,0.01,6.0,3.1
0.1,0.05,0.99,-0.05,0.01,0.01,5.76,3.12
0.11,0.06,0.99,-0.04,0.01,0.0,6.04,3.31
0.1,0.06,0.99,-0.08,-0.02,0.02,5.78,3.3
0.1,0.05,0.99,-0.06,-0.01,0.01,5.92,3.15
0.1,0.06,0.99,-0.05,0.0,-0.0,5.92,3.48
0.1,0.06,0.99,-0.03,-0.0,0.01,5.95,3.49
0.1,0.06,0.99,-0.07,0.02,-0.01,6.03,3.26
0.1,0.06,0.99,-0.04,-0.01,0.02,5.89,3.38
0.1,0.05,1.0,0.07,0.2,-0.18,5.94,2.84
0.1,0.06,0.99,-0.05,0.01,0.01,5.82,3.24
0.1,0.05,0.99,-0.03,-0.0,0.01,5.69,3.14
0.1,0.06,0.99,-0.05,0.03,-0.02,5.86,3.34
0.1,0.05,0.99,0.08,0.22,-0.22,5.91,3.1
0.09,0.05,1.0,-0.04,0.0,-0.01,5.29,2.99
0.11,0.06,0.99,-0.04,0.01,0.01,6.19,3.2
0.11,0.06,1.0,-0.03,0.05,-0.05,6.0,3.26
0.1,0.04,0.99,0.02,0.14,-0.16,5.82,2.45
0.1,0.05,0.99,-0.03,0.0,0.0,5.53,3.08
0.1,0.06,0.99,-0.03,0.01,0.0,5.69,3.19
0.1,0.05,1.0,-0.04,-0.01,0.0,5.62,3.07
0.11,0.05,0.99,-0.04,0.01,0.0,6.19,3.05
0.1,0.06,1.0,-0.07,-0.01,0.02,5.91,3.23
0.1,0.06,1.01,-0.07,0.02,-0.01,5.71,3.25
0.11,0.05,0.99,-0.05,0.01,-0.02,6.27,2.9
0.1,0.06,0.99,-0.06,-0.01,-0.0,5.99,3.16
0.1,0.06,1.0,-0.04,0.0,-0.0,5.99,3.23
0.11,0.06,0.99,-0.04,0.0,0.01,6.05,3.25
0.11,0.05,0.99,-0.06,0.0,-0.01,6.14,3.07
0.1,0.06,1.0,-0.05,-0.0,0.01,5.84,3.25
0.1,0.06,0.99,-0.05,0.0,0.0,6.0,3.51
0.1,0.06,1.0,-0.02,-0.0,-0.0,5.92,3.25
0.11,0.06,0.99,-0.06,-0.03,0.03,6.12,3.45
0.1,0.06,0.99,-0.03,-0.02,0.01,5.71,3.3
0.1,0.06,0.99,0.1,0.27,-0.27,5.93,3.37
0.1,0.05,1.0,-0.02,-0.0,-0.0,5.92,2.9
0.11,0.06,0.99,-0.04,0.01,-0.01,6.04,3.31
0.1,0.06,0.99,-0.03,-0.01,0.0,5.81,3.21
0.1,0.05,1.0,-0.02,0.0,-0.01,5.88,3.11
0.1,0.05,0.99,-0.05,0.01,-0.0,6.03,3.15
0.1,0.05,0.99,-0.07,-0.06,0.05,6.04,3.03
0.1,0.06,0.99,-0.07,0.0,0.01,5.81,3.34
0.11,0.06,0.99,0.07,0.19,-0.2,6.1,3.25
0.1,0.06,1.0,-0.01,-0.0,-0.0,5.96,3.32
0.11,0.06,0.99,-0.03,0.01,0.01,6.06,3.19
0.1,0.05,0.99,-0.04,-0.0,-0.0,5.81,3.1
0.1,0.05,0.99,-0.04,-0.01,0.0,5.85,3.03
0.1,0.06,0.99,-0.04,0.01,-0.0,5.72,3.18
0.1,0.06,0.99,-0.03,0.01,-0.0,5.6,3.3
0.1,0.05,1.0,-0.01,0.09,-0.09,5.88,3.09
0.1,0.06,0.99,-0.06,-0.0,0.02,5.9,3.46
0.1,0.06,0.99,-0.04,-0.0,-0.0,5.93,3.26
0.1,0.05,1.0,-0.03,0.01,0.01,5.95,3.12
0.1,0.06,0.99,-0.04,0.04,-0.05,5.91,3.24
0.1,0.06,0.99,0.02,0.14,-0.13,6.04,3.28
0.11,0.06,1.0,-0.03,0.0,0.0,6.04,3.24
0.11,0.06,1.0,-0.03,-0.0,0.01,6.03,3.23
0.1,0.06,1.0,-0.07,-0.01,0.01,5.95,3.16
0.1,0.05,0.99,0.01,0.12,-0.13,5.97,2.98
0.11,0.06,1.0,-0.03,0.0,0.0,6.41,3.56
0.1,0.06,1.0,0.02,0.15,-0.13,5.91,3.28
0.1,0.05,0.99,-0.04,-0.0,0.01,5.81,3.05
0.1,0.06,0.99,-0.03,-0.01,0.01,5.9,3.3
0.1,0.05,0.99,-0.02,0.0,0.0,5.91,3.06
0.1,0.06,1.0,-0.04,-0.0,0.0,5.78,3.21
0.1,0.05,0.99,-0.06,-0.02,0.02,5.7,3.1
0.1,0.05,1.0,-0.05,-0.01,0.01,5.85,3.08
0.1,0.06,0.99,-0.05,0.0,0.01,5.97,3.19
0.1,0.05,0.99,-0.05,0.01,0.0,5.69,3.11
0.1,0.06,1.0,-0.03,0.06,-0.04,5.93,3.29
0.1,0.06,0.99,-0.04,-0.02,0.02,5.99,3.21
0.1,0.05,0.99,-0.05,-0.0,-0.0,5.88,3.14
0.1,0.05,0.99,-0.03,-0.01,0.0,6.03,3.11
0.1,0.05,1.0,-0.07,-0.01,0.01,5.53,3.09
0.1,0.05,0.99,-0.06,-0.02,0.01,5.55,2.98
0.1,0.05,1.0,-0.05,0.0,0.01,5.55,2.94
0.1,0.06,0.99,-0.03,0.01,-0.0,5.85,3.24
0.11,0.06,1.0,-0.03,0.01,-0.01,6.41,3.33
0.1,0.06,0.99,-0.05,0.05,-0.05,5.89,3.53
0.11,0.06,0.98,0.08,0.22,-0.23,6.14,3.38
0.1,0.05,0.99,0.03,0.12,-0.13,5.98,3.08
0.1,0.06,1.0,-0.04,0.0,0.0,5.84,3.24
0.1,0.06,0.99,-0.04,0.02,-0.04,5.56,3.25
0.11,0.06,1.0,0.01,0.11,-0.11,6.08,3.25
0.11,0.05,0.99,-0.04,0.0,-0.0,6.21,3.14
0.11,0.05,1.0,-0.03,0.0,0.01,6.06,2.97
0.1,0.05,0.99,-0.06,-0.01,0.02,5.9,3.09
0.1,0.05,0.99,0.08,0.21,-0.23,6.01,3.0
0.1,0.05,0.99,-0.04,0.0,0.0,5.8,2.99
0.1,0.06,0.99,-0.03,0.0,0.01,5.95,3.23
0.1,0.06,0.99,-0.02,-0.01,0.01,5.89,3.33
0.1,0.05,0.99,-0.05,0.0,0.0,5.82,3.09
0.11,0.05,1.0,-0.04,-0.0,0.01,6.04,3.06
0.1,0.06,0.99,-0.05,0.01,0.0,5.86,3.23
0.1,0.06,1.0,-0.06,0.0,-0.0,5.98,3.27
0.1,0.05,0.99,-0.03,0.0,-0.0,5.97,3.05
0.1,0.06,0.99,-0.04,-0.01,0.01,5.92,3.23
0.11,0.05,1.0,-0.04,0.02,-0.01,6.13,3.09
0.1,0.05,0.99,-0.06,-0.0,0.01,5.89,3.16
0.1,0.05,0.99,0.02,0.14,-0.14,5.91,3.11
0.11,0.06,0.99,-0.05,0.0,-0.0,6.12,3.34
0.1,0.06,0.99,0.02,0.14,-0.13,6.01,3.18
0.11,0.06,0.98,-0.02,0.01,-0.0,6.19,3.2
0.11,0.06,0.99,-0.02,-0.0,-0.01,6.41,3.18
0.1,0.05,0.99,0.02,0.15,-0.13,5.93,2.96
0.11,0.05,0.99,-0.05,0.01,0.0,6.09,2.86
0.1,0.06,0.99,-0.04,0.01,-0.01,6.03,3.23
0.11,0.05,1.0,-0.03,-0.01,-0.0,6.03,2.96
0.11,0.05,0.99,0.02,0.15,-0.15,6.13,2.95
0.11,0.05,0.99,-0.05,0.01,0.0,6.03,3.08
0.1,0.05,1.0,-0.07,-0.05,0.03,5.94,3.09
0.1,0.06,0.99,-0.04,0.0,0.01,6.02,3.2
0.11,0.05,0.99,-0.03,-0.0,0.0,6.08,3.02
